username,predicted_QT
00b6dd4fc7eb817e03708c532016ef30ce564a61,8.443858015144384
00bef8afee8f3c595d535c9c03c490cac1a4f021,8.570117392067536
01122b3ef7e59b84189e65985305f575d6bdf83c,8.541820516686462
0134f9f410c65ad0e8c2254a7e9288670e02a183,8.425169492030584
013de369c439ab0ead8aa7da64423aa395a8be39,8.439718679674453
014c59c6433fd764a0b08de6ffeb757eaf60aa73,8.648193439793564
0155f91fe242fe55e1af631b0f0afbe9938b185c,8.591015753648762
016f87a7bd87f233a8633fba8a1ca7ef5c3c63c1,8.601274291025687
017ec1bbad0d598e5a86ac3bd595b870b6456e61,8.217078831251952
01ad03ec301749c033155fc17e657cc767d447c8,8.385767601537262
020ef1c31cb4751bbfa1a88fba782db3c402e2fa,8.577066664096831
020f253c343856ea875e959023e79fb1d4d9c0a3,10.0
0248e16d134e1bd5b4352701e1f23b904b7c4cdf,8.680557424321517
024af5e4f76c23e7f08616c60e595453e538a1ba,8.485756227018287
0297fd76b36e100882756e636bb03031255f57da,8.275120189316983
02c88d535d7393d30ce3338174d0a17ee7e8b8cc,9.034086693103564
02f8a629f1a01a476de3944da2860d1c107f1b28,7.937338373977977
0304aa9c12a1c900dcb4413c6a4ce40cc05b1696,9.003644504005882
0306a80129ed6d5afadece8164929697bbbdea69,8.675964299999265
0341249377940c004d0823408ace7cddbddbc923,8.836721194695299
035f97702f2c01d26ab1fae8f39ea2f98a0caa3c,8.511583640142572
0367f82909c46a900501cc32d02b913923f75314,9.092971722746803
038dfa39ea11eb199e32e61fa4bd264d6d7ebc72,8.598675186770462
041dc9a457bc7a9f1dcb5b215aaa78a6868483f5,8.677464768527091
045792bbf5167d31c0064c8520d189a09f276502,8.591012178618316
04d32bf7b10a238244d3e1acc3bcf53a449daf99,8.404596026884057
04fea422f4b51279771239f896f7acb7224a2def,8.293518553256204
04feabadb3e2d863eded075f541be8ff78d50474,7.9356473942637855
052039d5c5915699359b1d549b36ea69330c0ac3,7.845718764617804
05203b8a827f60a7cbb49a7d04a0b45dae39fa8d,9.424618630585716
05218d5a6d67f5c1d6305dffb907e940260304c1,8.4915939961121
0538762f44e8dfb07dc26c8c771f06080b9b2dee,7.4396825741164125
056711f171807d5b28f83e7afeb3d7e18ec3a5d9,8.172436830792533
0577e3c1b0a6df46c7fef07f400b42811cc77250,9.188267480930788
057b868ab03f5596f4a8c2e579c401f2fe9a2dfe,8.369109923203126
05b134c1a682085880fb7ce76d221a48955e5b8a,8.45096675006319
05b7c7d664702d3677ddbf5a03e976e24b16544c,8.482713053551894
05ed34d40112c0d0c446cb9c00fa6e14851a7aa1,7.8564471829534
05f7b04136abf33daf80973c0942a91751222e1e,7.657362448967146
0601ede7fba3727ac6cae3653b12cebafea42863,8.599584791620865
06024da8147b5cf6105beb4c403f67cf1ff0aea1,6.580547886661197
0603b8a222e368a7727190b2883c7ad7b96ce5ac,8.59826211709682
061a128e882272cd17340c8feb637cd0ff9e5dbf,8.476751208222725
062e8c58d3f85428aeed19095d12dcab6806f2ac,8.514273665196669
063c339a318b967ec77cd523f9ae4c62a7afa083,8.012726491105695
06490d06037ae75484a0a36a7a46e126b0b49495,8.268323743546615
0659d0431565eaacdc601973560ee8331f910947,8.629495182103202
06b43a9d40f16603a72a6333318a5086b7bb7e12,8.570402272667137
070671333adf94dadc433fcafc872c6301dd0744,8.27396597579189
073de6e606b6b7f3f44a8e8301ee87c3c978a2e2,8.223253303386858
076cc92aff4d582b4b87ff0d111496e4a646b12b,8.538284575722866
0785a61c54bc37c6ddad3c02b29d1f9e15adf85b,8.59933952104539
0799ab89dacde8042474f7bfe75a739fd151b73d,8.873105348643652
080df7c3716ee6b773c346c67056400fc235ffec,8.041657144321114
081cbf0e54173c1b4c90be93a514521bc9c710fb,8.76404784279425
081f6737145108d2cfb3e432f03d59670bae3ded,7.264565688573411
0821ac06ae77101d7dd9b8dd103f79ffa46657ab,7.544070853159898
08399013cfa671c37b50b71ef25f1b2fd606c009,8.17655978623849
08838c74dc4154d8f49b1408d27fb46ccb92d329,7.728079343041814
08b8ccf18df77b125fb5306e9ffb55ad284e1872,8.882073063731287
091ed1fe8fc042e202205f09f3d49a065c0f4da2,7.8321445082123295
092370bceb84374c83ca09e8d8f93c837d923bc7,8.771397434869888
09cbbae64d03af8ca53224aaef7657171ba27f50,8.54337013209907
09cbe188b9d1e965edf6c1c46a96b9306ec2f329,8.63751353951277
0a2c78cee9afdc522c5f0fae46937138f47b152b,7.635910520307028
0a99205e11c0c6d86b348a926f693d6529e0210f,8.406505165353906
0a9b6ec3e82e8a2527b21eb3420a6d9b72f4f71e,8.281704199228821
0aad9682c3c4280eb05dbd27e6cab55f4b1ae4b4,9.066202980022506
0aaebc88f6106684d6993c156104c1ef36cf94e0,8.106758563438158
0ac20d28419a43394bc94b257c7aab70e87f1675,8.614847606237918
0aee33404db5dc946de8c70be37c6e82582885c6,8.455187099435841
0af47eed4e0bd9c21637fc39db8fc17fedb6b1c0,8.416826952012718
0aff6f7083979073168bbdd6c227015eb09eced9,7.383026875388355
0b066d297dd2f4288d95b0f4a92a8af79b542bf3,8.743960998797013
0b18b1d653e0d031e1aee9129432b668c4264d3f,7.987813577425881
0b26c12ecc1bc4c1f127d5e6f6302b1b0b584faf,7.457169260488019
0b4355398b9c16ac0a7f559752e83b655f5aa6c7,9.32764712515649
0ba5c041f797e8baecc5f32034046994b801cbcf,5.562582346065447
0bd2037bf68a97753e5e67ab55dac026a649f279,8.133196282749237
0bd4c0cd006b55dbfa7806aa4b45926119ce9540,8.518219020303949
0bf111a9caedf02804f6991792490e63bc21058a,8.350822167786841
0bf71ee0dbde0fb1033887111d3094c61e66f44b,8.541907199243692
0c67423aa82630d4406e9477bb7462db4df09c4d,8.804750571296278
0c9cad573ea42e5a8d9058b834cbc9255128d54b,8.745058328308607
0cab57d7705bafe60116d29a1019a774cd661f02,8.749224844543638
0d05b13c0460dbd3e3e99537d6eb4665b0dd194b,8.747919453673479
0d667a9fcdc7162fa7182f0e14302a56dbe700c5,7.434865314160865
0d815307d5307124d148bbebfb41497230c4bd15,7.977134693851986
0dd138a9a2b0349ede3fee340cb02e40197aea3d,8.301783880584505
0de8af23bfda13f21ed67e41a5aace53ff8aef99,8.670811180791176
0dfa65b4dafad47b15abbfd6c6ce1aeb213901cf,4.698461231248714
0e0d9e9f9bc2173402e77be7eaaaf0d562168009,6.890187083976166
0e346c62a6706465a1c49c59224eed1cdb5f7f5c,8.622209245137885
0e51dc16b3d9de6cbcada8abb58ddeddb448b6e8,8.718527480599166
0e63b2194be2efd4b5b5f2b6e2d77ac12aaadec3,9.745342409100399
0eb93817d6eb3d5bd3e44dbc75971eea193b924f,7.379686878677967
0ee9ac569e379f04a42a18c88cca093ef1121ab8,8.593565395743353
0f0664021ebbec70b1d3bb5a5419e22507179671,7.701594839199854
0f8c46242826be3cbe5e14f5773ee1da97697024,8.394000927342562
0fbb7000a8fd1f413cd7a06ec7baf2b1f6eb493a,7.028242034795151
0fbef055915162cb6d6501558499544d6dedb799,8.424927082280869
0fc728b5b267485042d587eeac067b6c4e2a1d15,8.618381984626403
0fc74820b7bcdd23c196f494e7686305acbdc71e,7.878133325097462
1004df3c370eb09604c10fd89f9e86a2c037a7dd,7.467823404386346
10208a0e6cd46ed16c4fd6b83f3993696ace5495,8.600366703106994
10253729dc5e3b0b2d3dddc37638199910394daf,9.288758809789535
1032e725ab35f7bffc504759477f8243066a026b,8.344867471196164
108f1062e8ab6d51f404e7f639e781edc9ae5eb2,8.693860297215469
10ab3b376215f6afcfc642ea66a50f92cf944717,7.248752298378607
10e3359db56b99eb2f621d7c875f3c26cdd01a64,8.503485591853769
110da1d7ba2be3ffa13d62c7ed8b917e5dcebece,8.826374487593327
1133fe0ca8444133bea1e55ef5b4026b5e8445fc,8.09190313744505
117d3bf4a5deb7a9f3422f088e10bb3f8eeb7e12,8.350276919426033
11f5d8226ebf0108a5a4ecad896a990ecb369247,7.003964790083052
11f61032ed64123d44a372930101fd5f3877e010,8.58042413461495
11f93249faeb096567269266fbebfc3b0f6b5dc1,8.841986602312371
123c4ff5313ccf709b3bc4bd3365087685440c71,8.726316883118445
12607a7c2283944afc08e1ce4df79ba688a31f74,8.36861582736308
1271071dc622e3a72b0ef187b6e955b9d59db5f8,7.396403181700842
127974170c7fb2e3945a3c5b666bb7f6dadc87ad,8.869983210889028
12887fd9a4df4ba9b88a71f3fb1d2502a75995dd,8.495885724641912
128ed4bebb12d030efad936db13d26a620bd620a,8.759994274410412
12aa60fde9ce650c25faf60398d3c071cb80c1b4,8.519907611226184
12d6e24985ac80a581968fb1f36d699e6dd1cd33,6.950961917502517
12da07c3cca4f480a6064f7cbedaec11d677814a,7.82267573037076
12f1e26c28f731fd2ad1787db42f4c13de432ea4,8.391005972677439
13293554378a8a5f29de5440ab1c49003af0214a,8.7267938661504
132d544dce1633485350dd582ed7f13fad5da3f4,8.528707685448868
137ffd846ed245676a14f1d5e8676a4ef646182b,7.185114176619181
1388c66d46212d87c084af2a8fdd0257444ce868,8.553099211161916
138c5848f009c004f0b8e2379316d5ec18332ff8,5.8211232881018535
139aa923bf965f373c678ba8c10f500d78269e20,8.736557792727261
13b9e4710dc86e953960ebd2fbae7721d24fdc2a,8.549033870827454
141e7bebd6db0745569c97910301a67c9962826e,8.614117451918291
14354d2cff31b4330ad9e939b18cc8fce8c1c085,8.279554611618764
1438feeb138cf0a2ac3e5583f5caec35e3104234,8.486908457601544
143fdbefc9ba427b841fbd52b7999b2a996562af,8.82599636542263
1466659761d4827040ac1226fa45ad172c4743a4,8.899232471025863
14a29b0a13697ed0e000bdb9f374180ccb495a2c,8.266341776023303
14a493d035053a109eeeeb50a501d2b69a8ec429,8.505657371873491
14e9c7d5220ae70aadd1e37038e74bba41439d65,7.8511015309240575
155290f106d7951f353d1290f55d95a5a1535e90,8.60689175977406
1587f82c10e4a0f4241b317cba4fb5691bab07a1,7.498825374657885
165e4e596c3bdade64bf0bd2491fa8234015f0d2,7.883873493943355
16a221ec975ec0eb2fcf4acd69fe87281d585ca7,7.97641191880827
16b6e419367318f9a3a28439ae013d55638ba0d3,8.816447129221377
172ed6401f9b9f97f6603c04fb2be3a83d495f12,7.767392986259076
17b62f15056932dddf225da7f5e30911e316f7ed,8.22313225873667
17ce312f66b2f6b7c5766e4d5cb1f7452aa20911,8.86285974823143
180a4c5f90b6d7bd4993c51385fb00b4d32d2834,9.70884030227161
18fc5492e3a88861f35c23bbb2805f724c1a135a,8.181156714400695
191ba6c8fd27e676f8c2f5341bfaf487765fa0dd,7.506595152701512
195aa2f618f1001a6ca4da0300dd8bb798013a73,8.471067965202927
19787a8ba9b724902ceb45f483190f766e9e291c,8.413046500073033
197914fcc84fa89dd136503225f5ecdbecb2600a,8.184351932366097
19bb25163e0a13d6d2b1606c92e1366ad7fd8341,8.495417573530112
19fb6947af793def84e3b7ab4f867bd460ad1b73,8.882073063731287
1a116d1e7d5af20a32ad9d0232b6803c70f7978d,8.473117160118871
1a4b69992c879b4e5f64e848ffdddc2f2f401e44,8.031873418557026
1a651a0e1038b173950ab2be4fb4b3016d617aa6,8.881092440569072
1a68900dd1fd8fa7892cc9450d53e991ca241785,9.280812537866588
1abf62f1e76bc5ac164061cff2a8171d6b6de657,8.055613728157592
1ad3d49b185ea0e42354cd94ac86c60ae982616d,8.820578217140682
1ae3ba4f07f87302215a9b35d195bfbeef187ebc,8.594435114143755
1b248f11648c9000f277a02dc5d4bea3800ba43a,8.019969788247424
1b30ad6d355a521cb70e2eff2efe28c3d2fcec9e,6.812304981184622
1bb7bc7fa80594c77e224e8f9632c765f26838e5,8.210001734956862
1bdf6175e8df831b083615bea765e48098904986,5.969356437715186
1bf00adb6ad4cfbed2cab01bf71398e1ed9db042,8.927992502583056
1c095c774d9d1d3a4ddcf533186e7146fdbf92a7,8.458432034061838
1c34dfe9c77773e6949a4d248b25897b3f78349d,8.360633287895562
1c38445c67beb9a58777c87a9c059cea1ccf2223,9.005367703182579
1c3928fd78413712a00cd78e6ec020b2cfc666fa,7.82330261530109
1cb262ad711450f9a6a0f5cf786788b17d2d481a,7.800125113606921
1ccece483f66d68acf592f017c1b5ca6c682542a,9.583296076202734
1ce192d1bbeca43c01873d6cd5a6318f4050fa56,6.055712247283634
1cfda392887d01754199fa5f5cecf6ea3c9b0fec,8.631747438052377
1d1a20a6ce616a1b0780f5c86f1f6cf9f7c9a5ff,9.041009993152358
1d2f411ed3ef95a96dea54ce6a09c0d0b65b6a7f,8.081603502630678
1d5ba7c1c8ab8d16890eeb1772560ab942c42003,9.129485969936049
1d9024c71085dc3822bac092baef8b238c3b497f,8.621431374709877
1db86260a9c5f649ae36ccd97c36920df2d51d20,9.440964458134385
1db8dc5d1005cd6d742fd9bfba759aeb2babab66,7.684342436811523
1dccadbfae8f0adb300cb239e727b2481e2b149e,8.812175787059779
1de22c51fffa76f33c3a7698a3f7a9e6ab6be9ac,8.692934901747742
1e055a4ba4266c760d42cc958ce119d344f402f6,8.601280235268908
1e09b1a5541a443716e68239b181fc116425a9b2,8.040953320636422
1e347993c7fb0053ac2a1b01b6b6c5a5fc3dad9d,8.000370974341536
1e48d7fffb4fbe08eec6151ce5b2378258d13aeb,8.35232705303308
1e4b0ce4b171b3e33195524f6a6425a1b8f98597,8.465062421282383
1e59ca9160cbe32a3bebef6df4339e30a16d0dfd,8.620977021904231
1e6562ac23e7980dcf32fa8963837c68dafc906f,7.40776605025104
1e87dd3db07a664f4eb34b7e0a3ac578ca8846f9,8.492314735358907
1f15254ccdc062083c8f4e02523e18c2384dc6e1,8.708162340528261
1f641156e4298943167e0e1ad7a63696ff3bc17d,8.55540509457872
1f7be2d565e2629c4ffe64c30c41252de69300c5,8.531573241989564
1f88d783ff0c3a19a1d34b4e45d71b4f9b14b976,8.576937699878401
1fde2156c0969b0aebe55ebab7ad14f529a492cf,9.234939467371094
1fec28e4753dac81fb5354793029a3a2f81c7b7a,8.169559615396286
1ff3bf1f9353578bd902ce0b3879369b46c72640,2.513944694645626
2003e05bf78d3b5b7f672aa1d02ae3aa0537706b,7.795887724386105
201b7f1b1071911915956b1d54f5b7e69a7d7cb3,7.260354993845136
209d7c77e7a150b6990a3372f7cb24da0c0e7e07,7.095423208697351
20efb5f5c748870210f094db59aa50c4360d32cc,9.485344780789038
213a1a52e92bd478f671a4e614a7ee5b82ea4b91,7.325348549410386
213a48a8028d2dd6ed42c47be4588ac5a909076b,8.70366120013786
21661552706810e470f97f098927a2b89d9b9eaa,7.815481376441524
216a3ccb8504db72c0b5ef227b00d61d2e2ec7be,7.729568480796159
2170453bef40f448016841b0ca5ad2e07143bf5a,8.591012178618316
218191f4a8648e65ada28c23f52f578dec21cd98,8.685509360791674
21a401ad12c3345ca4c3210d5d3c69db10526b98,8.471825616711085
21ab308abfa9829fcac76f8286d624afae8848aa,7.39051514348048
2290b12e40983b7635bc452c3b6e00c80549220a,8.816609453653793
2290d198e0649ef4dcfb6cd22d36d87969fb7bfb,8.359570693847694
22deb5e56e580b0b0353f10e076cad95a3b8e631,8.750950035146884
22e1f50c4e471c3ba307802b396b7d0a16706005,8.285383483234726
232cce96362898f08e9150ba244adaf2d6583ab2,8.156465865077084
2383a9a33025aa8759fee9a890f6420df0fc8b47,7.737808391774323
2396ff874216d36060ef615c0531d71684b30b4f,8.602497158761901
23d64bbdd55f11cb1d617be60d7b5901c5fda2e6,7.570649870593489
23e8b9776a349c810234bb174f7326d14c89bce5,9.470691985604448
242788be909743713c5ade123c9f0b13cc4b2db6,8.07075816309159
2427d12cf7a43c66b921bdd9de261fb9b452b2b9,7.888545546628836
247df99ea72a42d6c12d6bd7b58ca0b2e163182e,8.527238116042517
248ff20c10b7d18c30fc84ce214936f5bb440e6e,8.016099240072151
249c629226d7716b59d1841c45dbca54afe3c1a2,8.506865572532973
24a9bfba88ed640e9690cd9f6bf4a2985f78522b,8.329522188433488
251d2672c6ecd01a83e6fa19483d8e57ef5f45a5,8.736557792727261
253471036c41eba7c24bbb6e77d4541c95bbb5b7,8.353800069424505
2536ee746de2df68642ecf71037409e47fa1941c,8.444792186101047
254f59f316c0c9e98ce4d4ac6cb1718aef6d9f00,7.9824953002481145
25501bb976f5234f69a8cb767dc5b4ab87a9021e,8.22415943391692
2572a6a2ba5183ab68c3da80b69071a6a05c3b84,8.616104227155441
25fe3c7b5bf2d814b49ed3523b5a27c744ae5513,7.510735549136802
26227f631ff63a4f02f7d69bda90131df9bab5dc,8.774206966057537
263102b5e7fbad9de96373d99c0697d8db856bb0,9.221218715853864
26374d5fbb53e326323e8de92a0745452c1142cf,8.011214955223428
2639449829463fd12c2b9ba6fb9ea1c56e94385f,8.43380486982575
2639f9f46c6949536c784118cbcd036cd00c075e,8.718096090002561
263d37689dbb1044d8118782303415a1eac550df,8.32138937290817
26b95825d4fbeaeda7cfab5f5e7cd96ae31097f9,8.09190313744505
26bf2e6d5a634712af2f46b7057a83a4052ce9b9,8.000306946774044
26c932032169ad849d274427dcbdcfb190f843d8,8.712762963989514
26cc2520b79b2222de0037a32fcaeb81c09f3002,7.598648304080533
26cdb442f5361c690f8045caf5e026e7945e1965,7.73875493524681
271c95c3471c6588b4b9ccda962ce197fc94a9b1,7.941393535459027
2785407c3fa2ce2c79a914657d9a4610ae1e5078,8.509506318780238
27ac09df014fc0454129c9953b06f2dd9b997fa9,8.943172950705463
27d6037b0e6ff9972c80bf6192062f3f2e8b076f,8.60834067056881
2813d0ddc37e34a25e798ebf8c8ecb2fc659e8b7,8.467142780053283
2826a109ddc9b90686ec063ba1f90c72c655f8e7,8.23645954387962
2852641e2b7b084ef62df976d53340ead50e5e76,8.318339584843875
2855b4b4d03c37c94117e615a25e0e321ec8d77a,7.432626878261557
286ccf0d6187c170c299fa64d15a3705e7900a33,8.628422982381464
28940a6516bb354b4172fe3524f8b7328a5cf2fd,8.465156875221462
289a5bdde1fa9c49f221f19a10f636e81da724f5,8.411710347477278
28a0f5e69c747c78015cf8fb0eac804b9a733bb2,8.496551918923762
28a125bc7a4d79ba10eeb2abdaa878d46eea4b32,8.339460657758481
28b6c6604b111cc912e369256cac2bf944041a2c,9.240691798191623
28bcffd0bfcfb54b43119a7b5397a3bb53278e9a,8.199725514356075
299ff5851760da9a9d8b8f218dc82b573a397d51,8.547616472629526
29a9c1bfe53383e21dc534379f5fd64c4efd4305,8.318878386473802
29c9f517c368a528325a1e38b51adf368923bb04,8.570314010001132
29e04945ee56ed79c4e07198c0e66375428284de,9.036363790026254
2a6a418be08d9f0184a804b2700a0d58950b219c,8.393678562648942
2a8f1b3e408879bc12a312938c32061d9e29a4e9,9.487086244150706
2a9497dcb278dde20143d0cb9a57e5cdf3763a8e,8.825505459391307
2ad77f650b2381bbdcc0011fe5d9bcffcb109831,8.68581863429903
2b1f3237bb60db7f72540e004a1596c7ff3fd549,8.76885358175116
2b96fc96ee2e0090a42957d84ccd09cda2c72b74,8.232678283073055
2bae7a494d77c9c7cc0ccdc65a1915d25e31d2d5,9.053629514882301
2bfadd9c6a7bdbdd1ae792e0225b799ee67453a5,7.743319580821219
2c93a0edb553ae495ba9ca047361240c278f6cf8,8.493954684504056
2cc30f03509be89ad3bfd483b2bd69c999798805,8.486554762985596
2cd5132c3c49bd9d4d5081e386a4d69a593f850a,6.313650050142161
2cddc42a00117daf32501cba07d6dc181de7ed24,9.499392388749598
2d450fbabcb95dad1b49ce3a6c70ee6fd9ed6c68,8.573303107182223
2d621dbbe38ec756f71d3d1ff5b1f2de707330be,8.261471750197911
2e171212b96d4d95e0857baadfdc55455113dfc5,8.766945726322419
2e1dbf534b47dc518c2d4d577d312f6969d9e6b9,7.923160417895029
2e22e4cd67d6f2e9f70782c69e67f4d15bee7d1d,8.645732800212764
2e2fe98cf7d490aba85a3eba367d9512bac08ce2,8.511594564395956
2e8b47e527548d947c688069d4a5c60ed67ace19,7.848128570383453
2ebc44186d8093752e9c9ad97b67114006718300,7.865187624159537
2ecfee45346013cf126b75cfc8bdd2ba3b0c2666,5.0312809399550735
2f2abfea66cd61a09939960e751666a2c0913430,8.449658570047085
2f465acb00ca28cf6a7ef4b71b4df1208eb8fc8c,9.147310238067561
2f4cbc9afdd23132d572c5f7a81b4e9b19b8081d,8.484282810790583
2f7bdf97a5978e8b7a4b3f69a474540c0c38498e,5.038081451289637
2f7ef2d7fa25c0f8d9de0a5ca7301041b9d08e4d,8.586432524578695
2f968a678a61cc1179708dc2820405e288ca9c67,6.999011567185806
2fa2244e6e21b8799c5210d92f8966838a43783e,8.744235366243347
2fa311a94bc0da6d97955730d071ad6fcc770bfd,7.129362067631005
2fdf9d089409fcb9c3728b0a61bb0a00fcc85db8,8.492448098602537
2ffa1b41cbeda2e9683f9d608b9dccdc31323452,8.757248508791905
301483d94b9efd8e7d95ca45979a6583215c1d58,8.613514216884361
3015441ae521554bb4d04b1e3bad620170a43d79,9.083747097604903
308b8bd2a17694ea81d601d025d5cb4ea6fc1fba,9.245109902733585
309abbd71d6dc57c03605bdc4ffe90dce74c4f10,6.921512375771537
30af7a50bb0bc62e730b65f59788dadf102d49b1,8.747919453673479
315b83340476d3a8338543ccdc95dbc86bddb3ab,8.521711958702472
326a025b5c23347b9eb2c5ceae75a5908a461f69,7.706419593488474
32991cd9c0115e4bd4387c8fa3ed559f4eba345e,8.418547837857389
32b47658ae606bb95f1bbf1e1dc86accc255e926,8.639980406466885
32ccec47f44931be75b93c598cb145c4803be980,8.388848907847699
331639421af1df525391f1013c5363683efb9f68,8.302721902013547
334c7722802329509bf82a5cd7b4a38b5825cc42,7.795887724386105
334f25ceeca6e440b1210f205c253cdc8d25942e,8.273521476292883
3399fb9cc4f115ff1d6a41cf169d8ebd200c3418,8.522303838159354
339fff79c43561c995b29972a962ccec846c599f,8.289028881436039
33b16210a7736a6f75ef1b1f3cb7070a4d29395e,8.827000878766876
33b6ac5e8631fb9ee19cfaf3dd4a93928d47bcc3,8.209872049984295
33c1babbdbffe79f6f16e085a78ebd0b2a7b3a65,8.61977263424941
33c8bfb97b43132f0054b97a2ebb0f5f3768031d,8.790942647563275
33c9e776300c7de11e0736b069b8e5042372d418,8.655136088896462
33ead7fc0a3cd59c67bb412d705c5f5b9cedccfe,8.293975088243624
34283eb36b1b51da5126f973e69199151b8f26c2,8.183900020268814
346583cc308681a50145af444a26fb217df305c3,8.499093860564331
3469c710d9f5a4ef230caca3f99b1ed21411732d,8.5557395920213
347b6f40dbac97bd24c857f37744f2c4fd590cc8,8.667318599533182
34a00f81f528b38404f04d9a360e73fb17b62031,8.538284575722866
34a187324e5c8bb2723a6f51a038acfef94a7538,9.250172873982716
34b6d0f0fe1617146945db60df615d0d9bb3a4d1,8.950489143194469
34f6fd0da81e68652a26b633fcb7d4d4169e2e75,8.83407398163844
34ffbe3d2820a74472b93e9dcabc0e17f75e779c,8.083058263075309
357ec20d8f9f416f9b02b0f54a81d3f409d074e9,9.027041177078226
358cf36e763ba00426124c74961d59614fd9476a,8.544872770308793
35cc3e4b8108e6eb405c96afabb167d6c0f9b50c,8.48197931410566
363d3494b7918fffc4e59beed6c76eb7d05b2c64,8.354172965413191
363f5d64f8c70c78376d1b5f9485511daa5a9d8c,6.403067114261442
36a292355e4b31b866da368ac2bc7902a72d4db2,8.93315177155551
36dbfe4759f861ee72011812df2178cbbfd736a1,7.72767161265012
36f6af52bd08c15b005618724931a558fa7049f6,8.369978413984724
370a904c5a7deb4ae08f111c87564b0180d572b4,3.474335189330514
371922831538deb39791562bd384acdf91531999,8.052841525648022
374725662b17c0d200a5d372579406bb4d830bb5,8.265451443988994
37593f2cd1d978efb79e32ed6981b74ad8523ebd,9.113348120081225
37fd8930995a4978e8378d28a84e0aaf3ad85c2d,8.73271053764105
37ff40068998a37a4e2c73bbb325103500cdb0e0,8.9957526944305
3822d529be3c7a49da411682207b471d61822610,8.484196128233354
38397f1c58351146edd1787b0501bbdb31834abd,7.784726387516477
3841fabcde0188d8dc9b3060cacffafa3450ec85,7.273380411734565
3853851c5433317284f37cd530d642560effc35a,8.56136572937985
3886b365ce33e5988c6c8a73eed09ac8a7c784bf,9.548489853341195
388c0aed9f437cb576f998892257a1a9410d1a2e,8.622285504524493
390881963c5fbcde08d9cbc2ec73846bd8eabaa2,8.317557633405661
391d18cff3df066db6fcc8dad718d325607e5493,8.27968174384255
3949c822529f6d98d518b762c7b49b030685ddda,8.339476006283606
394f4eb7fa3337f92a1148e8e9ba1727995bc8f5,9.441543577215485
3954b15205238530f2cb3b66db735fad6d0c8fda,8.762227170295782
39713cf2db02601e4bd6360ba70f8013c0433f48,8.424927082280869
39ab839c37c0269b14691b473ad894ba12e1afbc,7.968601619008502
39abf25961f2094474ac7c9d9d85735ecfaa10f8,5.906611522345604
3a1431fdc38caa2d40fdd0df60f76683af53a729,8.754872027379477
3a25a7b40408f3636b36d763cadc72c5ae6b628e,8.328453480350817
3a27f4f6ce9cc005a8f1a5f7441d26db75c9cd2c,8.517446705474542
3a3cf426569ff3ed1638fefb8d0a7bca73e0bdb7,7.163382494031029
3b0e56cb91cf7c26836c7fe857ef2fef62c2031f,9.161259057159809
3b24016cbab8b8632a54240fed0a17406b35bc65,8.633103889999934
3b3559f14b77090ee6063be193efe80b19bcc591,8.537479218600835
3b5d744051772f15e4bc3167d749711fa798b0c1,7.58964598547988
3b951429b4166a9149480e360687549e1069a209,8.220690892225125
3bdad6ba65de3948b9939ebd98d80b03fe3f8e93,7.953809329413939
3be1500e597852e42bb7fe17591b933e0bb44f93,8.645740082627313
3c499f0944773b5ae529a4356d92df5ce8ca7c0c,8.30024929052777
3caf61bb383eed4daa553e074208e84cdbdd7df0,5.1103628207966825
3cde31c0a8378da5d6c2767652ec108deb9135a6,8.722903157766222
3d085aa7161eb03884e0a1e98d90f8d46e030d1a,8.511594564395956
3d0c27e5e776d4ebe788c50a8da1a1c9215ae25a,8.747919453673479
3d185c0c28fcae1ca2f5876a8e2e6681b38e5af7,8.744212803545992
3d1c486e68c08c272379fe7eeec4d38e75f54ae8,8.388201793004944
3d4f612148056feeb651f4711c1f640f5015101a,7.452158879953101
3d8d3a121d5e9126056c0676ac7ad2661696a572,9.007955613181561
3d8d550e8b7d9a0629bdd8e0ae73f8f0ac74b1a6,8.836066003865819
3d9b6ed975620e48ca0a5aee5fd19f5db1db3b18,8.785223363292507
3d9f8d11f15cce877a0766d08a6a920548041407,8.610568980911648
3dd2f099bd4cba1acad185a78c773972d450a899,9.45749172478237
3e19ebd05fd2cc465feff2f681011181a78e1341,8.250395374582157
3e572871d05f7888784ac55985fd52cd1c7aaa68,8.894748132579217
3e72f16a86233e81ccc2c9831c0297da6cca36e6,8.032908865249617
3ee8b93a31b564cdb14f3d62f08dd862461e0918,8.339476006283606
3f679f9f5c3b6c2a026bc0575cf7d5f3351a8db1,8.123008983055886
3f92f0a8c1729579c08e921fc041646ee2b50075,8.647189608774184
3fb53c585faf97ed5b0ecb316a4b419c969b790a,8.568842285876865
3fcc971a36a031eba3d5b8ce7a9181a4732a6cf0,8.349498868900799
40291da6897472b56a7ce6a0721a801b5014d3c7,8.19269938577789
404b067bd1dc212fb28d256714a9dc430d5e65af,8.571751719738185
4058bd26eee2f8affafaefd2b59b97c358e826cc,7.554861109127313
4069b40bebe0372926fcd92429f7431e300e6b52,8.735965221916732
40741b5b2ac93f9d0eacd4a28b48508be0a378f9,7.107623443320715
40a41a33c4e0168e2716a09cecc11cc3abb5dbe0,9.804776567263167
40c0843e6cba7960b4a4fc631d0831b9242a9778,8.363348046641054
40d6052a7ccec94dae8348e5249381afabbbc985,8.566613840919981
40db6a6bd27b7f2fccb0ab0e4b97b2e64d5e79a2,3.4117107429807954
410357eb9129023509cfaf8d38be61c050bb3b05,8.010626219435292
41438ca9420c379467e8ca3456fc003d76bc99e2,8.452371890613335
414a76fbb610cfb396dc7177dfe67944fd7175f2,8.544872770308793
4178750f206a91c5b1cf0c5ac6a4021d23912736,7.610264064798022
41834c311cf35264cb9e6357eae499b95edb73b5,9.112301701197062
41c2ea992ebadf309d399ecabb99fba4487e2920,8.592556722893843
4203f7e50c4e403622aeb1b6d39ca45285510aa8,9.076542915404923
42510054a233b7b56beccee99fdd4543c3cff388,8.378650824137601
42fedf0a6f68d54738709e096f9352ccb17dc072,8.430601621174251
440a4bdda60ec044e91b9e5ee5c478c20bbbaf7e,7.706713354954485
440e56298b04156381c3f648f175b8697135845b,8.7071802897522
442024511cb1c5761a86578910e28f236daceb2e,8.151008699675046
44327e7dea2e5f69fea97c9333f7cd64484303c5,9.048378343753697
44557bbbb5013bd2d980dff1f4b5f6b47cb1363d,8.670895353623592
4455e671bb93d6652e42fc0925b3cc47cbf6326a,8.350967576693442
448866b737d07d7d184e7c1111b8f50d1b8fe91b,7.589441427564063
448e09eb2299c7bc3435e9a680e5e7e81b6d732f,7.785555525708646
44ede8e2b591b3b54fc25469d50e442459da73f6,8.548661209401631
45147b7f31a588b0c4245845675f7856f4dfae30,7.283007182702353
4528fc0fa6d591a221aba2cd316264877b73bbb9,5.6834328868292925
454c509567c0f19453009731315e3db245a8c756,8.938374885311585
456ba3f2e4bccbd1146955cb3f0438260a04f7ff,7.288362847722989
4586b41a1f104874583010a544bdd65113d2666c,8.75052231889771
45e8b53fe4fc590dd9c7564fe2c6fa3ede58fbea,9.019971764598948
463ef2266d31ca7f0bca92bfcc9ae7301addb58b,8.115158259754098
4644e181d653c04f17f76eed400fdf52a43b2237,5.383930332018666
469c5d7634f0e3277f7bc8edfb3d9eb291fc6199,8.769823441667764
46bd0614cd76a4fa3af7d06e5feae3db673a43a1,8.320728647841388
46c1ebc62f7d6b099a6696755c9be3b984d2a27a,8.581190984701436
46c49850a9aa3be9f66161090ac1f0a8796b19ff,8.003196597074695
470647470caa15468e461e105a8ecd3b25a912f0,8.008277422686103
47aceb292c673f98f059ec36af314cb1c8894405,8.087554611738712
47af18d4bbc37e11d2c5130faaa8b2da3dba64ca,7.169409235313047
47b12b77df06d36f3a51ad5cc5f0dff47ddc9103,9.250719862628367
47d128f1f6010bd042dda2bcc68d710956fdb74f,8.832962845478468
47e01709f5df0b8793de34e70e8ddd9f8aa16d60,8.392359773217445
47e1eb91096f9e59b0faf185a88d41343c073d83,8.127454540423573
4875a2f817d7d08aa0437c70c33eb2c3e8c20d65,7.494882121219885
48832ca57fb72952c11805aa0975c2273273ba58,7.111205195156084
491ae8a65839fc737fb2c3e6ed06b990c7f36dea,8.495417573530112
4932174dcf0408a7eb862930c9c6be33d30825a6,9.692880136016655
49428bbbf72ee0208d581e31efb1db2dca5605f4,7.503242254633715
494ceabf1266854738ca9832b601000a8a3cde24,2.5282372755533498
495933d0ca16d77c1ef1587e29f5477513109a5c,8.40062853484276
495a7aa30e85503d9a2027af83cd32af0eb7b030,9.290978508374305
49a4785cf7286dbb18206e3847f164b1af1907ed,8.301251751699622
49d11fa2e8d68ac09ecdacb94a96c95c95205ff9,8.295854210622569
49da363dc17a0db86c70a20f515608629bced9ed,6.075194879960956
4a0f49c2a5e9766ab2ea0aea95a12b763faff0a0,8.552663377731621
4a2ccd362270a02afdf8a1647576ba56a525fec8,8.349722913101761
4a8923bdd6d76861d91dce4b2670c04da6b45350,8.484196128233354
4ae698929993e35feef8c07911edb16212f5cf4d,8.286176362746568
4b09f1427ce0578515148e3300abcaf95ff3511a,6.866645570762859
4b3052a36e3e54cb3458984b0ffe5f2808445353,8.056286338958929
4b8a55e82d9825fa7440b91e638577957567752d,8.458899314386416
4bb463f3e32f05b9a1e323adc2a51603dabc75bc,7.652253205406962
4bed6361746e48435a9be358a5bbeba59696ab7d,9.003644504005882
4bee553c59acf1a22de81ef5c794c44f6371da0a,7.894439756534026
4c0740a4fccc2e15f52d77bbaceccfc1ffe309c2,9.109780636273237
4c390fed4ec7007f13b91f39d3d4d9ed101299c6,2.6101844634866187
4c67cde88abaa3210919405fdb1b202dec23b08c,8.975763860692739
4cc8a421bf0c776aae86c3838ed759171d4cee50,7.334986734914073
4cd092562ee4a06eb01e8bd1e9cb7e169fc38c92,8.794964697596821
4cd7de9870e18e6ea8acbc2efb5f4fe9c051b09b,7.591142669775281
4d234ae70fe14c2d32bfa01c0ca7cefc47d68703,8.232329077573729
4d38a6fd027c342a0719d9e7d0f6bd3e820a238a,8.162177116642358
4d3eb0a9c08fa8d2fb11d00af22f7d582f106019,8.697175977506046
4d5d641551d82c1f733620b5d8ea4359ba376593,8.491200693321153
4d5f92f22244e37d20f783e571539a2d2e4e58d8,8.44066690265864
4d9d9337a0bc50984b35ecd772dee54b88ade32f,7.062165235400618
4db33a107c9a32cf80e08c941fd2c87888e8de8e,8.614096805782866
4dbe8c25b64077b21bf5cd971f115f2e32109c44,8.643015881804134
4dcdd4c95ba88786172619ebea8aad4ec757a150,8.11299431913334
4df0acd4131767bb6aec6c0eba0deedb4c246125,8.80696460387893
4df58b4a53afe49f40e1c054f9a2e8553352e254,8.21857410984776
4e1cce9ed2c3033338382d755820b85faec9a7b3,8.534200501999946
4e3603a6303b1bb5fb0ec4a0d8ec39ae3e0afe0f,8.358338964723806
4e662a9d37f64c95e5cd3e85d2d5f0d5be60d20b,8.071271132714308
4e718fe3c25329ccd0f4f138375f9099d81cd7c1,8.50374134092674
4e895c502e5446c21dfe7fd758e1336d2e66ace1,8.251904578852947
4e8a3d6c3bb0e0df7e39e93b9266737cda041fed,8.147176955966673
4ecc68ce80251f0f7ed752443a85e54028a20d08,8.111907346211044
4ef92a2d691e24dbfc22f9e0e4a6bee899ccf849,8.188854225585366
4f0784758f47badc4dc66910c529236f8a45bf3f,9.114632494592463
4f12a32bbef137a864b199061b62d35b4002e6bd,8.715687508544212
4f571f241bb2d884216b4712cdcd482e310a718a,7.2352974824236815
4f7428b95565a938b2562be952beae6d6983f32e,8.639068395744708
4ff3fa101f0b4c9777b996d2e1b338a529eedb6b,6.737381549235864
501f6ef9ac0e3eaee34c2357da968672bafbff95,8.444877875502103
502430aa4e945c0273cf3a6f35b982cef7067ad1,8.83946087069489
502b640d7a4830b10924009c39b4dd34a4c600cb,8.856543438758749
503affec12fb99997f583ed73b60262572694795,9.692880136016655
5055b8d5ef881bdbac3ff865d6f97249b0aa4bbc,9.01774248588819
505fea7b24ccbd0e28b51099a1e89ee317605916,8.6914067576077
5066b74051c3f9ac880db30439338aaa8fb1c7fc,8.54173627419764
50708257bf26f0b517a6fa6acaa444d13f6006fc,8.942959545350089
50779b692cc73e3ba24df84db11b8e2bbb062591,8.310619352377214
5087b52a3ea36e6b24f13b867546d94cac05b299,7.081826686888402
508e0627871ed482bd8ab34544e43e5d856a889c,6.979220663214851
50efa6979b217c6f12b5fa0990d669c499e6d2b6,8.642987466939816
50f17ae2d9048b293cc969aa8668b365f9773f1b,7.731092244741
50fd8f5bcd24b3b8ba8c450de77819037cfd6583,6.913310250495563
51501acd2a7cda8d6f25524e34d6e3dd3c6088ee,8.722543457406141
5160b3f7714c45d60c100dd658c543831e390713,6.94113098616219
52011a00e43fa9e527dd0b121ddd133547981b24,6.81376232223
5217ebf6230ffeecc7da9c9043cd1e484c78509b,8.50898878294773
52292d33bf302f4cc04f07ef928db72b2736c06d,9.161197624333619
5235e36e00b0e927e6ce9f6f771ef92915857989,7.46066162905415
529d7e5b25e40c18bb7ea49be0963ed7f3e288ea,9.003644504005882
52d6dd781d58e55171ace76bdfffe7181f5a916e,8.495417573530112
52f3954a2463ca97c884b6ad6d89f8fcc91696b0,8.891693607964545
530d2bc8c65a9815a0b2c7dcfc98866f760b433c,8.103110062899455
533bff0c4073c53de80f7b88a1ecda9ac3878893,7.782791164180785
536602cb1404169f62436284f9cdba1a7b21c7ae,8.247480880276719
5389d34e45392c6d5e8596d686b06d853e1ed696,8.72180932320594
53b56263b633c2be1e87243fd37356c924eb9a4e,8.607365335656329
541270fc6468b9399001ee5a8bfa0cd380e1db60,7.085549204948766
549b4b9f5408631f8a062a6a3b71c496646ee0fb,8.259559125435205
54d144dbc7891709d9bac5db5ee19a761a768c1f,8.774361347836852
5504396737eadc63295f751ebf765c22b35b23db,8.579668557034156
55095065546685ff2d583779d38978a2c0132ccc,8.485499734283577
55664bd6d6073e97a98788e3f319eb36662f29f8,8.747919453673479
55ef1cb9ba9a618396f8f82aefdc261d00864381,8.892145309333351
5612b36a1b2a4d596254bc506f503c7c94f82950,8.581890821448912
56925a416739348e2099293f2c91fd7c6c186d99,8.551521350941211
56a326e7e14e72020e3e0ca3f329baebc245b3f1,8.287977607714298
56b3554a4a43514e497a667b0efee344df2ed21c,8.40734784660726
56df019984fc7a155fc18b5c4ecd2f52c497693e,4.776058455731749
573b114e6e803fdee6f8c4dec2edd8fd37bbecc0,8.649387085775375
57421dc59c1514a7edc7708657e57a6439e88585,8.694792204646557
5776c4c0f98d7aadc199a8f60beab826403cf54b,6.2158591408049775
57a3b9aacc40db600c87c8b2cf110418021388d1,7.973656307135852
57a668ff1e3df5afc4e593bbbbc39e9eae0a940c,8.785893838603917
57b547211651511366a63249605b9b9f4a9c3e9c,8.88888345150917
5822ad8b0277c775adf78b39385d63e7878b1069,7.913031331626269
582e4849c0e5208206789a186892a4f7ce9c11f9,7.808270967805646
5832a6cbeea8c9e6efb82a284e135cc58f201920,8.711667902806703
58616da3cef2b76fe70a90919a689b8f38ce0030,7.25741991375317
58a95bac37747ee4fd0e321770a89477f49492a3,9.09693694550501
58ab0634383006fc63de206822832e26d4c06c3f,9.07992129133012
58dfdda4538b55efcc287512b508d9fa2638028d,8.089338708075257
58f61331a385caeed17baaf54abea308426d50fe,8.46598679654862
597484c12788a0febfb255aabf5f08df62469313,7.241808030677554
598a40125a414f949647ee201ecbe39553bedb6a,8.935767083941535
598ab55ef7a383e76268b59d877afbc86fff2178,8.445416949493547
598ceb16f7935dd1dada8de4441690df8cdc9e29,8.518219020303949
59b2a9ae92876d8ce54309fe82bb92d7cffbc794,8.62754838269513
59ee572da4b7c6d711c46542482cc65bdee55648,9.306379058862905
59f38d3a08147f85dd15c761489d7e3753cb585d,8.445765355152544
5a3141c7f984f3d6c41f632f6fb689378267bd51,9.036465315444737
5a5c99822d76f4f6f1f90521f4c1f1d5e53590a1,8.287146719786444
5a70a8f9f1dac45c7332db8230f0a8a77208507b,9.200975446623415
5a7424ce2a160cc7bcb097b51942e1e1ce68ddb1,8.440225646605525
5a855637085d9d212518c84446e98888f0667f2e,8.720009014338245
5af239a466d0a8e17a8daf66709fded23576c37d,7.230386471553882
5b023883ac089df249ef06f7c8c4398f37e1c55d,6.877892437288894
5b0ac0ebdcb3aaed7a9a3aa2f9c11919ccce9555,8.544663876243545
5b30abfc32d4c33257f7cd949641935527dd4a42,7.678037304701605
5b49681d3b05fba0fa5978673a6d871011186bce,8.660167737062766
5b49ef6e8a438750ee1aa79f7ef846fcb7ca2005,8.402921573762768
5b7541b552024e94b0be876cdb63b69cf3f829d1,7.7631684383657324
5b8aca58cb2c7cbcbb8918f50669eb821d5a7fad,7.957668980189511
5baedd7fbc5ed01efdd5a078f7b3809491ac1722,8.36642919446465
5c67cd01bb445f9b80d30f2c551d0d42776898fe,7.419571574202351
5c8d3dd9026554402b67ab061544d47532898f6f,9.199061855884112
5ca41a01a0d23780fcc2f122f7303701eb991a4e,8.743927891113596
5cc1caec2eb0968d6d30a6f95dd41d04e80c3f2c,9.855884737221102
5d2a4450b9548913c0ae383640f67de8ca10edad,8.680795762087655
5d7aa061832e40bec792c52ef42de898a5045a1b,8.345365709921314
5dc71a85b12614f2b7b995f3b9482d48f8e289e4,7.503242254633715
5e030103a9bd01aba1285730aa1bce7cc90f7bf4,8.675958952718048
5e092e334855a0d8739d53c39798bb26f3376959,8.618381984626403
5e3ff61182b7e63c5f353b54a15e95069e670f10,8.927289500016524
5e4d0a4d83e5724fd92e13da6474090be3593639,7.790326661023323
5e5064a233c1402d302af4de9a442f32c934da4f,8.123599188770982
5e6c70b4de90c2415359c22c351d8b827d22886c,7.814392350040401
5e854d8ecfe5f767abb76d3ce56b6bcf495047eb,8.996971286300587
5ea5bb39e36dd3e81ece42b2d6e19d0ed5150740,7.401707427188211
5ebe95d992ea2c39c13123c6174d22b6945291bb,8.451846105789988
5ed610bb14c3c7ebe34cf855871da13009ddf3f0,8.548661209401631
5ed8bcf8dcd1652c4a4bd0fc8197aaa54fca572b,8.635016221366879
5eebebef2194643799de3dbdbb098cffa856d37d,7.8657330662766896
5eecd9dc3fe216cd45a2194e5f1a1d472a3fec56,8.86203922919285
5f8dfe6855d546a89ee51fdc47f1e3a135f1edf8,9.328911850284431
5faefa46d05d32e90b97c1cc9260bacd6c2f45de,8.565088428789952
5fbcd4642d21aaa8ade10f9e23e70012e2b4afe0,8.3348121950042
603ee97d90e36481c0c5a1cca5279c3aacfe91c6,8.477750227923206
605308a2fcb585adb29bd7cc4dc153faa8ab9702,8.574626485264064
60559a031815bb92037cb31299fdb443227a4e06,8.6362333678533
60c257442a0ef9aa6eb039f58c40be980bfe58b7,8.660506094411028
60cfc94f336b294be80a5215fcd8f9a8099011a2,7.737079575571213
60da060bd0084795a07f5e69e6884f7870822cf6,6.489578496743854
61291814d7295814cfccb336e38a08ceb9c7aba9,8.615554653901537
6154c47df672f6768571f878e472ff2808274cda,9.227661423658331
616bff7fefe77a5e5618f600b39cc1002b71867c,8.566796682945276
6199c36a1e584c7a1d0d4d20a1d98f19f9d05785,9.129311102026962
61c0c30e1af44a3ad57880bfab7a88591a434b92,7.79587028614605
61e1c151f6a90ea5a2f33930ed70e5a9f39b681f,8.780964507995392
62762af72b006f671d4b9efe867e66312408723f,7.960925063784847
6288d80ce9cf4d608eb41dc28dba194b1851dec5,8.536549002912164
629ae2687f58e75ac2bebadf8adb71b3fdbd7c11,8.468903267603432
62b127e475e6cafbc1906e6fa5cae8d7b4da3ceb,6.343286439892956
62b816d8d256303699a90dcb83b99804366a17bf,9.095084570792949
62bc28e18de640d9831303f80a4e44c352fb6170,9.077583884119289
62c35ca39326ade9737d75b21c46054e64ab67f9,7.193693074101539
62cba18268cc16143359b59ebc94adf65af340a4,8.55478144907995
62cf219990f892f13b18fb0ec1f08a2aebdae0ad,8.28366968635717
62fc0f9bb12436fd47d1b4750e4f17601ca459d5,6.958956347243178
63b684c9976d06a32dbcdc4685592cd713f9121e,9.926638700285205
63de421fb8d11a118ae783980d2e204b71e4f2d9,9.155015146253119
6405b9839b0179e5307afdb5117992033c2a9cbd,9.39481933318209
6434afe6261c6f3f4fdbad511a2db8ef090f8c07,7.868095262885765
643e211337d8d4a3d2c12ab4ba804814dd977354,8.72208798532265
6451995ad71437eece77b5677b3d5eead3b2d45c,7.164986807742084
646c8737a68c560054cc624da19920821d13990f,8.101381110779881
6475c391e6ec554f2bbe5a6460e5962a4af5ac65,8.36086214068197
647dd6aaab297d6a9328c244eec940904d58293b,7.208582034672657
648b6d4b1c95ee18825cb3cdd69c033a10f3633e,8.497241522305865
64bb0d71f782349bd0bce3ba44cf9b454bd46cfd,9.1092847769915
64c207f458782b92f681bc496f8a6763ac3b99c2,7.9713258088545675
64d07438f7fbb0b4c2fece774289f09dbdf9de5f,8.351558287176184
6501a3dcdb9e3c5904a5820607f6ee354bbe0131,8.416060928571396
653de78f41ee12882a2cbc4177fb3c4e5c3eac28,8.537747210806085
655f5a83c42ccc83c7c0ac2caa5cd8237e685751,8.374021822957705
661f15eb45462975429d17bf60fc64df4cae4431,8.95543343833163
665aee398dbb98e56d2f171ef0bee4f6fedeac43,8.042316552828703
66735c0721a73fb4dd487e32adafb82c6016e6ea,7.648682044033388
66740228a725504db879896a9c28c03676fef710,6.450782483646293
66caffe338b5140bd8ac35fd0000f867266bd08a,9.003644504005882
66f103845d668685765328530c0aa2d71a0ce0d4,10.0
67118839ce79eab31a505fa22d378ff420ce006d,8.052841525648022
67212308d026508fd5b6942ffbbdd7b0be2e89de,8.88071992418745
6729764776215a0456ef5332c5168b4db29314b4,8.870494516530751
673ca800a97efc5b14397e331006ebe67258bf1d,9.171305446824158
67b7c9f4a952be9c0f4759e1991d86a3e1fbbe58,2.4164683157341087
67d64015616b9e7f49e213890b7b93a2f8796f07,8.80696460387893
67f697ac574661dca982dcd95ba358bde5b48a8e,7.034159697720403
6881032aa20fa792984ffb15d6b043b4228c1070,8.521754333541338
68c8fbedb26cd1376389edb04626dbeb90a065a0,8.50374134092674
68f0e46e53ed6791407294aa4e797d7d17a2b677,7.801694812925847
692e213a160245cc3c07bc300b6ada19b15089e4,8.680506812314096
692e3639f044b1dedc30d8b3a870bbe922a675fb,8.50976442588143
6941ef044510999dfc8a269ea9255f7b93505147,9.251552795692682
694d92685feec07c62b8aa4ccb73b39390f88515,8.117702394198991
697092af2e2891b76d0890069566c03468f975c0,8.548661209401631
6976ed8694419b21b0f2302b6d9db629ce0412e5,7.2480617374936545
6978f24f45757e6d0c3a352bf35d073d14b46c6a,8.876323122961617
69826691e86b5085226acbcace467f656b83880e,8.698831065619357
6988cfcd0c8de2ee3ceb97a74aec90558ff0e26a,9.109780636273237
69b200a293efc47d832e89333a4adff338261538,7.061911280019251
69c377ef0f1c724f59024bd4c2a7fa5d36e50432,6.368219079110284
69eda57c9ffdf6f26c5dda66863ef865d07195d2,8.483298936721587
6a24473bc7b7d3e0a711d9195d9f792a24352436,8.795257013150882
6a321021dc357c030017f099c3d1b430bb0d1b65,7.2218145592932075
6a535ac087403316d625c2ed4d5108d7d2d21edb,9.525575254883309
6aea2ab4cff49df8f384b81558264c1390a8cf06,7.033152840666419
6b05f3073cf136c387ede39d4e605eefa19a4886,8.50374134092674
6b1996be827950638657d6f5a23f4ab8a5a13be5,8.680271875528021
6b8a39007e56cacf54e6520da942fdb70d8d588e,8.099034527561889
6bdbd12c28f576e6dc4242177fbf9829e65c4726,8.08375724181885
6bdf2586c97f0954e728ef8a9ac5248d4c8270c1,8.09363567862661
6c374b4a75105783a809e8b6ba468da3200d0c1a,8.683570422471522
6c468e0d90bf790fd74609738544edd3f0e5c74c,9.043627775742964
6cbee42bf7c6251711a38683e4e1d6b15533f5a5,7.797212419197677
6cd8d19ff2089fdfa9cdcd521a40b1e247c17cd1,9.182563505078743
6cecf8c09c3c7ca888a6e3fc2ede03a820c9c82b,8.485499734283577
6d7ea5662a0aadc0fee9f82c02aa5e54da77f277,7.497717820802203
6dc988c0cbd4f0ba3d2217d8b84911b6a8d81c47,8.281481964146337
6dda317baa40f25506c299715efce489b916e52d,8.167186512618844
6dff6f1ca71378339e605de17936cff49dca5486,7.917356706713838
6e849b2924dd2fc0a7efc8ef0a5f614ce2409b4f,8.7270008309856
6ec34c1674a54a0b43f8bc4570e2188a4937da15,8.776571546220849
6eca9c1b4a046e9ceb3db39e478ccaa393117c3f,6.272765730277603
6eef887d0fd74edee1667f50dce5b41efbe0a180,8.54577713378979
6f52fb961b947325347f9303798fa6066967e407,8.682088800160631
6f5b8f8813e31d5f85f814585ee37e835a6c766b,9.116805476197767
6f99a507851fb9a8ae9776ede538789cae61a22a,6.787376443563614
6f9c45656b2c3a8cd9c394c878d0ec7d738be090,8.594397362707722
6fa8cdf96032a061ee3b601ee76a28dce25f4735,7.9656174254196035
6fc4ddeb8a68d05ed8084b0d59d038f3649c10d9,8.469868700300784
6fda7242d55963e0014a8741b5fdd1bd4c34019f,8.116344116176156
701f03bc7072ef7b0114a4769bc8955e5e5c9af2,8.79400468162526
70442b24f09aaf25882d54ff0ec72738c00a41df,10.0
70586c4437f01c7ae612aa151f53958ac10a412e,8.683207875714622
705c7f16ba723569db2002204ff748355ef80e75,6.311229976551643
70b721dc3c7f45470e2eee858547f0546801327b,8.437562373568475
70cd793e026c0616c0a8186a1f2c5fa6d8816b49,8.876159351487468
710b29019a8c45dfca3eec6a5a92b7d3bfc06cb9,8.38895906569323
7121c17a0f6576cafa8c7c029158ad3a81873411,8.460531628567159
713487f0de26590bca3c759e2fef02b3a5bad9fd,9.692880136016655
713e625391a72ed8f0780919b1c3e45af56ff94b,8.314425282098481
7171736c863d464860b4e3f674d78a101f12de4d,8.53398458813027
7186e8a3fb8c0322eee7e354ed8f1669885f6774,6.021554133775019
71c2d42bc4f81d5dcabf57d19f862a3b781ebbbf,8.375786549822326
720ce5dcaede4e84cbbe7874961853e416f0d2a2,9.052358837660504
7277ea28c0232720e23ee3ba0dcbb84a273aa53c,8.707363741147583
72a34636b5a1de1c3796e43d5abc564b4d0803e7,7.3930100655573
72d8b05bb5beafe074185bec53d1c5338009a0cf,8.75052231889771
72ea15c6a9c0f4f176da99e9dfd445b347c2e219,8.201865001178643
72ebebdb431cf5dbd216ed0c16660f40a963b082,8.359537044331297
7316452530dd2fb2eb68d1fffeebef98bb730ae0,8.462948415748
7323f16fa1027607f3f63cedb1cf2fea83dfcf76,8.68533388105259
73351e7d3ace1ea88b52e895d6fccc2f2bee88f3,8.068813664681556
7341e1b59de6c74569853631605d1dc2d2da2e0a,7.900926921743154
737dd3b5a70f36e8bb79f4c5cf86c7ccfb1e7d55,7.474181806265959
739d06c41287f6661d2c1879f42b56d45454e815,8.124281233109638
73a272eb71cab822302a981b1748230c3ec8b8ef,8.137377839568474
73af3f8e00b50a4444bbbb431c83075dfde4cbd6,9.184321985584534
73c38d8466f153b974c09c066d1469f63b856d07,8.56136572937985
73c938c3db512a2d6b136fa924a8ed2e608b7790,8.820326006764791
73ec1e02101d9e26fb75fe8580eec218d09ba78b,8.6319114129971
73ffb966a8305f3cc46f3447459b4224128cd53b,8.5406214803666
74381df8a16f12280ebd12d45f8fff4fbcbcc4c8,7.760505540756907
746be138d650a2627e814da73cf09cfbf3127bd4,4.783580500644668
7480543e3bc777391a4c3f06cb1c03920f6fa2a4,9.00026431057035
7494b38c6d82b590c4afa6cc975f583f51395177,8.314425282098481
749e9b42869140690bb32bb198ccab1f899cc36c,8.559047199759966
74ca49651c685988e265884821dcfe0961a1ebdf,7.130688661365518
759ad13a7de3fc28a9ab95c56d2845442528e907,8.26364478053375
75aa1fd61921d68f59be09d2146a4b2b9442f41f,7.453152139291979
75b4f05700440a54255124cf44b8ca0d4252df85,9.10639128317748
75c2aec59b46e4c6745540c0af596b8cc6db5cb5,8.240642021568867
75ef6c3aff156ef52aa846c2fc3b26271e50e335,8.377675133181587
761459daa69061bdf66d850ebf8877f0c84e48ae,5.383930332018666
76578f23a12fae71dcf7aff5aa48a7ace122f5f2,8.442518597816909
766fb145487f13f1cbb3fae79c2345c8786c1542,8.944813973420146
769df9fad97e6d153e170a9ec41e33e8410f4b6b,8.246857183244675
76a99a326da360af0510be654283819bb4717d9a,8.957278024803168
76adaa79b0d19f7d32da3bf027c2b4fb995952ec,8.424962631955562
76cd92b2caf3ba3f11f97bcf4e037fae81122578,8.339476006283606
76f5d35cd62f4c2d48632c8b82a04bed0e161226,9.228709904383907
77051baba74aab402905de65e8e0bf18e2907ca8,8.807332853204253
771f7a4ff0b16239a5f4a828485e057bd3069308,8.51874794175413
77454c216b4f9b1e291fea17f31a824ef4d0a4a6,8.627766282888375
77f0f8d9b0f3d59cd0bb01ae985a5ada6fc14dc1,9.293050429058669
7808a1989290cbf25b57bd60e74c56662eeba656,7.809633071475341
78269c872dcec789b204623749f7d1bae813fe49,9.074475529039537
7855b4de6d964e1f7477a3a40d384de9f4602f49,8.789352295348964
785b27857468f61bde60ab25c5509e8ed38155d7,8.660167737062766
787ac9013d322ae24dda40f918c05f9fe47601ca,7.9212039305571915
78ca432228d8679112c09d9b3d50491c5539681a,9.47290664593929
78d8860538c6853a9c13a0c232dadcfa0d516f08,8.950897597223683
78ede02e6c03a1eb32ff3f464f4f7ae3e6510766,7.749449941618927
791e60a07f6b6776d54f791791828b1895c9b670,5.90772150322412
7953012ece7e7f5c184ec3ce99de925dc01c46ef,8.547616472629526
797a55490bd05c98e9b604b19c3ab90125c9431b,8.252345156117826
797c7c555f32a47816ca7f0c017002a2131c132a,5.643993246532634
7985b1dc9dd0dab814afa417245073d1d74f85ea,8.805024137912698
798e6393c36bd3b6dc0a9f97de7d4c87a6e5b252,8.935767083941535
79a8ea0acc62c00cbe9e6899917fdd233232ee12,8.559047199759966
79c48e970f8b0e7a0e074bf7f0a3f201737dde3c,8.315075634754715
79f071f88a5c4c3bd278b93f9f622e90e15a10f0,5.383930332018666
79fb09750bdb85310622bf240e1060ef8de8bce1,7.473134704734374
7a0e5d245539a1b2906358ad255a4375f914d37c,8.609070842691736
7a7bd043dfb44f7b90dcb37b669e89afcd79d234,6.188197403845015
7adf3466bea259fdaa24fa131ca2c4d63e9a59e6,7.995012510925838
7adf5597380b3d9048a47387095d5342a24c07da,7.657705929968714
7b27fcdea3732f654b3a3cb4ee1517e8203645a2,8.744212803545992
7b3d30b5f05d1acd3bd4979bd8e18efaafdcbc62,7.785817702764412
7b6c995004d7267af856efa19b12c7455bccdbd8,8.677084191257705
7b7d0625e7d073af7c6fa7c1df5ca43ab1232aba,9.195738295942945
7bb8bff124f651711732b84262474e1acba69082,8.873177631573228
7cac45d03854038e6854f5b1843cd491021f94bd,7.528093294872688
7d111d42f139f151fc24ddcd89c3064467ebceb8,8.513472662573086
7d9accfb703fb86e2d5f39929309e7f273b46c79,9.1857281058262
7dc6bcdd4ba4cc84cdbf70b50cb26a72cec3db1e,8.149692020546919
7dee913006479ffaff17ebed5a0b172112a0e115,8.28602058365232
7df2a39d7e572a525fc26d9633039d83b900ed61,8.445765355152544
7e4e1a800af30eb9922c09f9d751b0873e0dc467,8.629710572142338
7e585ba8095284ba4d7f920b37ee3e76ab6caa4c,4.639205547413552
7e783577c8297bd74f8f12a2d4787f9cdfdfee02,8.627871846333562
7ee4cfff4c6cd84aa82b14208a75df86bcff9fba,8.891952324631992
7eeef145cb4a17be79b2251b164bcaf5d15a4995,8.629397122848143
7f2bf222342aac2992fe15f12039b9f7123524c6,7.725258305392263
7f5f84b208b2889ece946b277eaca95d838072bd,8.17803293301945
7f8b72d92d190113dbc807befe9e8033ecdda75f,8.625638897994236
7faa61077b62629df7a5b7c828f98b2337a2dfdb,8.446501045747148
80212c0b606f5dcba043483a07f677a5455c3901,7.9613171767023205
802b44166f1c38ec00397c57abdf65b7596b9f0e,8.473386188679012
806b5e171e5cd80e62cc28bc7fb644f6b50399de,8.356223295848501
80a1456c85989c36b524eb16f1afdfa2c5480121,8.808614742009128
80c6f8b8c212e86aac90ea06ba6dff1bad8b5541,7.98753512417498
80cb3c3cef8030674baa141475951b20ae73089a,8.414660804260526
80dd54e80df2e8833ebb3927fd55a514dcfe637d,8.596158944886767
80fc80505e08153a938e34945ea74064467c5e12,6.626648962430908
8142efda300bc5bd5a3368d957f2904fb41a6062,7.111957016742402
816aa6a9aceb1014260977a52d4ad600065ed4d2,8.518219020303949
816dc441871b06aa3616402b7d2635c5b77f3d8f,8.830984231087653
81f9930593d1612075b0a4831e1219e9ebbe5aac,8.331034479396598
81fbb8b81316a0ddabd7838b1b9ecfaee762f70f,7.518969429772362
81fcf2e137c8587b8663ffec7ba1d8184be705b7,8.680407610721339
820104bdd2c9a722be349ae3a23eb42926eac969,5.852812152059729
825e4001677d8644d6df773aea2f924c45d47318,7.997445393106162
82ab2a968469bfa6a3dd02ca619f80a440ff3b98,8.990505393889876
82edc69e489959e8b7453b8e3c89c11f2e3e4830,8.524990188981953
82f9404672305675b631cad221087429c078b8ea,7.7262313311071855
8319f9e5000e715c176f1de5d0e33da0b25481f3,7.21957974948408
835496e3328ccd7ac2ffed3867840e1dce5da83f,8.106723728500775
83c0d2f69c3628797f0d6f343c4cd6276dc9d15e,7.776785476501704
83d335d59714648643c6ca68c522a9a37bc9d8ae,6.781570823235405
83e22c7d80399e360122a5d33f26844b8c04a6af,8.429327719037472
83e4ca230ab9b35d221d09d335850af44966b772,7.579397900528303
840d07858c03f80f4695056e2cc7d0c474b83a25,7.763860103641892
844f5db2e7e31ae51eba025480679ed7e4708ac6,8.298447984890128
845acd04a77b3d1b623f255d9f9f8eae90892dab,8.083128003760326
8460eaaf887a6289fb156f7562fb739ba8e9629e,8.340202749043025
8481a7f00c3d30473b01a8a3cff2564948d24902,7.7933788154912085
84a17972cc6d29489bbe205a9e7feb8745726fbc,8.850539958299644
84b6b2d70924066c8345f2bc2281791ae3188da2,8.714012611569204
851d9a4b9b8e236f2d62282ddf06fae57b7d9492,9.107236093476846
8531dba6dd1818a4e3f3ba5e355e1e5ea9276afe,8.526327913739594
8554d1155712da4bc72ec5921db3227311265359,9.235815960154172
8576d2d269326a29503a1763996227723fa531a7,8.612522575044444
85838695003ef753ce13327655b84defa54d6eae,8.68327905217962
859c3b6fce7256abf5acfef957e6c04134c01e4b,8.705609970595672
85bebedd9d4605ff6823f6f25c761e64a588bf22,7.654167187503651
85bf028205803eb9b1e5494c540ddd2938606606,8.574653150502932
861075bc29124627aacce66a29c6dd835abcf3be,7.472258031665979
8674a295a4ae610ccd77b60cbaa692db6a875761,7.918182383382195
86a7e49131f2acbd350c4b0b9a2243838bd4e122,8.831280856959962
86adc493a1cc74328222a194a1d1e3adf098b5c8,7.553982314888527
86d9a98ab0225d2c2faf6d51fe3b9fad194c3ce3,7.697372685227223
87322721181928972ce2b67242f61ff23275f3dd,8.126211469897973
875e48fd13e52a01a4d48d745d72128f25b9ec81,8.242998029941013
87752697bce404c9b410be71a45e76f3c7fc9392,8.741694449660004
87b3a5eca0c70c7828168756cd7813cc8b3285bd,8.012173768255723
87ce4212940578f8ab9aaab4616b104ab515d4e9,8.850906063143455
87e4a8d6efab19e147f510e9b5d10c0d0ff5845e,8.692934901747742
88003ba023714648c4312658ad9a4b3703e56de0,7.3272152391955965
88188301e8d3565c7f1e2cee1f9ab8794676216a,7.990472736305899
8819c6723e6d42ad569274ebe2ce4212fd8621c4,8.87305606231529
884afc60bb87e1f0d85311221487273fc5d13d13,8.575656891079383
8866a6da23ad8a2abfb243905e0b5e2c98e366bc,8.40062853484276
88a694a270a460f5a09e1e8c569b036d03b9b5ea,8.687300015781211
892240639d1170ec0f4bb6248ba3e9bd390ed089,8.620630066012852
89521736c16fbbd86315c3f3c555132aee8896ae,8.75052231889771
8960e95f79cd20b46b7e8fd09d0aa88015566a9a,8.674533485532852
8968e2c95fd09b05d48b4b094529d54d06bf6da5,8.34288519608676
899bf68f741b96e69c8b1d6bf22fd86e00b7c00f,6.796639476986266
89b7eb7ce1dccd4f6a7eb59017ac455cf1e57766,8.536962072585807
89cc639060f3d63cf21d893882e544497e32aeea,8.549497203037213
89cd14d1bb26c559102e9080a85ffa977cde7fda,8.654501299785595
89d4e10b3c250c027e108d10ebc00bda239e7e39,8.621859324051892
89fe8b96c04597a0fb63dca3a86e5f36e7580940,6.484995995215106
8a97d52d61d704e77f82fd7f1161d98054f48f25,8.508904659747635
8ab396fa5981adcdc777254c57ea744f1fd4cd2c,6.296037872743102
8aea6c59a11267f4143312770b4c84a2be56f353,8.194025328382695
8b158f3040b574b6d08148e24946fba8bbdc29ca,8.215987832754788
8b2735093e532de21b7aabee43b9c76278bdd5cb,8.52574156117605
8b3f8cb80815c489e6278cfc1a371b3bee3f6e1e,8.991445743085459
8b43c7696dc13421431102cb4385363ee33513e0,8.507490275331023
8b557374000feae5ac9aee7b4078bfea53176ffc,8.148585712889616
8b65dcf807a9de0c95c0896919da04523176fab8,7.856250793278553
8beffc1494bb81af08c352aea875a183e45bd824,8.369379521164616
8bf27a767fce0a5fb359059183d06e01d62dca8c,6.00150224608637
8c5d6de5fca9e769de9676c911d9e082ec1a9fb4,9.237690768305452
8c6976c873d2ab3f4af9188a4189c46a032a53d5,9.075349005704835
8cf96ad1e77c722694ef03a06a781d61d632f2c0,9.070104335450988
8d0a196c1c472a4601384f4235f293c4a341b3a9,8.699793763690268
8d14518288c33c098206996aab23c31b3eefc864,5.135205552065184
8d65a433657534866907ca34885953c36951db06,8.265839505211956
8d811d7887c2c868b631a2bd296412bde2b49bae,8.127333836196708
8d9b19c2ff7d630d2d48932f3c1d35aaa97ad51f,8.582529199376381
8dada7632816cb20f182c306ae74184ea9e056fb,8.51594192338126
8e20affd5aca29391f582b7dd756c83205297c11,8.736572917063919
8e3a076971fce919b1a5a0bc62dcef86264a1c24,8.68533388105259
8e5fc3c13f17c0502fe3f0a8404b461b46183f8a,8.614920857213018
8ee77ba42fdd6aff7a9eaa84d70064c4cb39cdc2,7.897323976937661
8ee958ba68793684a9962e1b60847d7b73d7c9d1,9.51395885063307
8ef999ab1a83c2760064ac6c7a4b6c4115c5a186,8.337672113595014
8ef9f17bb904f437ec0a9849d820ed0f86843517,8.285611110762343
8f19ffb508b23f955b93ebd99153f8ec99025785,8.586347404310748
8f7402db46b9b2a95aaa8282be9e471a3ee659ba,8.341443180313021
8fa7abd9421e396273c3571b177340434fc132f6,6.4529333593996165
8fdb7157f90753735edf97fcc828b75e6a8042d6,8.5288522837153
9038ddd6c0d498cb8c65b4510e99e8527eabd40c,8.223874309757107
9081ee605de7c5e739569f3f829cba953cb918f4,8.067841438367344
908365770c09838aa1bc1874bf3915779910e775,8.063418680550386
908ccf9bf5e0e7ab597a09fa19d91b1a5563b43b,8.697760788630864
909386947a62f62c8b94ddde0b623b87c01e2524,8.459870804889652
90d54808ce52c41418550421c387818cae759dec,8.723563693580482
911315669fafba0a06cdbf08da7cff7e81f49759,7.058211687957792
911daa5a6058823b007274f35ba038da7ec89a11,7.710281082637307
911f5eafac3def56e71836d495b740cd059edbcf,7.89144806687324
913eb5b320c3f4b475e8064303960997b0dd7a9f,8.371589822639388
9167062812b68b140da9de7f824ec6131ef31a01,8.69540566346617
917f1aba835e5d7e79fc124c1d7a3c8c2588cf8b,8.641911845822
91ccfc470d803af51ecbb91da39db5592e3a3324,7.919123873397876
91eb4058d0937eb5499d0f6b2a8dbae6f47eddf9,8.424927082280869
91f7019ee1831ead0e667cf264dfe7be6b743f3f,8.541907199243692
920523a6f06947927c3d1b9c2c902fae6eb740a1,8.655136878710396
921b990c548efb5620585b0fe3049ed43dfda903,8.050331149761558
92213400df98f5441533511526206328cdde4159,8.14395380866404
927008a1eb1983b52fe269b504f398ca185603c3,8.578093501967858
9272bf390ef4a8e31a5285c14ec721495414c53a,8.526988789818619
92828f67b16f5e96ddb0d436aaa6f1193104c037,7.860208379044035
92a1cd997867a6115b3d079903e63aba8dd214cf,8.478779238509555
92cea32d04d98c66af1c1366fe9811047a9b1cea,8.835373102403343
92de4c1319bb3b07781b63801e4599302764dc5f,6.425772411603289
92e2b243f8ca7bf1ce773bedf8205980f034ff05,8.475872360836725
92f51b59f25a16e76b18441fbe797a2fa2a5d3b5,8.34310968017783
934776ec5bd2147907362602555bd692fc56aab9,7.795887724386105
93635a4013ec683f217cad90ca4e41aa557c3922,7.248752298378607
93bda77bd8d32e4fa1a0549b76f807fbc22f1f7f,8.995114622271851
943f8910b7d79d76726a7c50a996a39a00fb033b,8.22415943391692
945546f9d4db4b9599e57ffd4271193406f0d96b,7.542683484400026
947a2e7cf57ae1a546f98831d861cd87c4fd5ff5,7.3475512983405835
948fbf59cd52083820e8e1682a5bc2a34793997a,8.794964697596821
94ec21d59f07c2091e0359a0085fa6c569ed30c4,8.953492724108113
950671c7855e25bf4a8330768cabc430bee030c9,8.455792233642578
951b5bb9ecd6593cecd2bd72fdf62a0785bd3b3b,8.166970645306282
952c0daa0b72620df1288d516f0a2abeb5b3986d,4.685062482807263
952e48fc51ee7afbd972a8305c2f22a80ce9ce92,8.878084349952898
95c2c72faa0bcedf9452be96511b7ab488754e77,8.8838755204098
96013c7ce1186c9a18f5127959bb867243b1b9f2,8.549497203037213
962de82430c78164a7c1cceffdfe31dd0f3c3cd3,7.86764231643789
96d8f7656a57c4a757129d95863a463358a0c3ca,8.571066989220313
96ded661b95e3d4d3cf1c8d45aeae3b335224583,8.778361642771161
970dc7689a54be2108e10cf65af78d85288b64e9,8.285276430321915
97469bc8eac2e4fd57266fa9821a50561a4d8473,8.786291003088234
97983f3249349cfcb409b75d5f53e5cbab2bfa5a,8.078045745496846
979ddec134899a31461a05d820b9d6cad713715b,8.45883150247898
980a5ef7011a98b8fa55e5ac3d7ebce6f7784286,8.460567738932921
980f92c1ca3d1d662e790e884a1bafb6785dfe45,8.37730156578373
9843de5b71377fd3392db81e3178e11bbe90d95c,8.615654652336731
9871e11a3a4574e6b565733fe3e565f13d670744,8.296209896775983
987888aba1d68d84a51fcfef4131d649024e0aec,9.692880136016655
98903e3bc03971360097ad809526370f701ef5f7,8.566754713146041
98cafa82b3e7f1a3a179c62509778cf9290ca87c,8.485499734283577
9906fd2917a481b373848f6d084228f34ace63a4,8.9744348471353
99103791231143dd15aa77f2aeb87b2cd4a1c22e,6.921512375771537
9938999e257ea21c657f6c63ff386937544987aa,8.578610342143747
994f5b5cdc8a126efbb290700caf797948ac1841,7.435861419435948
99751d158308f801241e028eb7c6b0363fc6ec88,8.548661209401631
9981528e7324f2d92c27f163b5d0424a07f94b67,7.8057150022952655
99935e2b7f9f41bd823ece5418896aaf72e223fc,8.003719865346438
999704c760821f39257d453f58ae57cdc5db7cee,8.505565289702494
9a20834c7ddbbf82eff849ff8e4f321b856970de,8.668897712270427
9a31bbe1021725b074357ae4668bed6eb7e46bc1,6.509954556019699
9a5d7462df7a85794cd0d7d2c510ebf725d2e13d,9.11144068177508
9a6d7a470aab3fb51ab58261637c58c239ad804f,8.968821714088149
9a7c94325cf12595e72895187822c354cd8ef458,8.370735113483224
9a8ad4a46036cc65da3ce25da0a1b9e70f979655,3.546492616944407
9aace874af47927645c48f21ffeb82f8e15f24e1,8.735273763411222
9b0622ca034d946055f8590f554fde632487742f,8.459100575953213
9b4fd6bc9be128b294d3a8590bb6a146bc503902,8.15595310443926
9b536900fbffe20f4db747af055dec68b3ddb6ab,7.169828970771242
9b6d776d82bca421eb10bc4a1f5f866af7fc2a3d,9.027615263965401
9b788cef19b68860b4cba1f072cfc4744e6610b7,7.061417579052934
9b9216e586500b4d619e331890d3745eea1176b0,8.405483652054647
9bbf52d74e4300842b27973d5e1d65a74c54c1b9,8.241948114498646
9bc8e6286b7a331de79c4c4e868b806c0b3bb12a,8.61705072751195
9c03af1da21c500de8e0a1be24e3c22d341961ca,8.761258376920715
9c4e901d499220d23e819ffe0156ef62c7bcfdbc,8.332889956016336
9c59b505cc82ae66d54df9629666137c9527e56d,8.152478731034147
9c8c8ca8e36d83954ecf380f84b01759c8363df6,8.820465017172337
9cb2a2853cd6c58a9b7d07a87ef3138c3cf723b8,8.308826370628717
9cf17df2214b19cf4cd63df22b802afde8cb98eb,9.146638961456844
9cf5d1c0d7ddfd6b78c222e83894ca3a75ee47f2,8.556823467558765
9d053bdf589efd451ff25e1977e438b11122e0fa,8.255769513307929
9d12b920015fc145b62c73ca689e71a362e33b35,7.287148985773023
9d46769291771df99e8061cc9c5d79aacb087210,7.451141353514771
9d549d02a71100ae95cf02deb371138097549edc,8.390012882945376
9d69c1d50467997289ee1396002cd197883a2b74,6.8880221456464
9d789185f1d5fb7bd42acd9d6dc1f5380fef1c4c,6.774099350838132
9d91374d67624389dacb4b429b8fa8c18442b29c,8.566246683358269
9db80a153d642e12571588fd68473c6e307195df,8.09551934390117
9de51c3306c206bfeaf41f4aafc8526300a9f103,9.140603627317004
9deeecfc873e74ca5ef8b27fb6b22bf7a536ab86,6.860290275761901
9e0457ac0f2824c5e725d83bdeee91ed078343b4,8.383603999485414
9e1f7de0fe95b78cc2236adb52b0420b382b40c3,7.181998053262487
9e4c480f54169dd91629ec30917139f2b16bf6b3,8.893858702804279
9ec1ac8c3d812703485bee8d58b2a81f4edc8754,7.946759138349873
9ec591a707f8d7eaaa8b43b6faa23292511ffef3,8.90792759027612
9eef5b76500d606c0ace08b9cd3ee9403e9e9664,9.396106112604649
9f605b4802c811805adc38ae19035ded09a5e4b5,8.331755359251462
9f8f3fbc1f6d3f36859a33054203c55d028c6e65,8.409871771316356
a05a86b21a7d5922fed8c50f36d307ed7a8cc70b,8.943225416150945
a05ee87ddc674ddf01518fe125eaeec0820ea53e,7.932001698259164
a07cb417ba30c0e4d8cc3831f093740ece8be01d,7.591175805238622
a0ec1fa9ef85571c363b1ff524a7bccd583b0ee2,7.087191994554934
a10c5f4ba04fc56032719cc84184c0ad5b5f8446,8.292439889932023
a11fcd52b2df310a3f3bf8e0561a2c587005e96d,8.199915007541685
a130e19ad47a6849ba0261a7a81a8d9bb93f3a7a,8.229284795261902
a18783b2a14d61192a1b97ce3daca9e67cb8cd59,8.220690892225125
a1b60c404f7df8f6f2695982048cac298567b821,8.685479813192076
a1d026f103e45011fefbfd9ddc32eedf16edd5f8,7.357081687356119
a211065a6e065d2421b924d4e9314f1026611aa2,8.377675133181587
a22a58c5be8aa2c2700619e37f2b7a6e4efa7e6b,8.847679097004912
a244f431e70a9d4c780ac6914b564d98c04ac7ff,7.194604063469297
a24729ea6c4aab24a9d6dc73513113e8b8fcf35c,7.952711302112354
a274dc9836c18bf295e9e81afecbdd72825ea79c,7.072131942922697
a30f91cf4dd6e15b62a675de5087a6db82d61f51,8.591012178618316
a3748712b8685edb49cf966b7e662e1647503013,8.678968429671496
a3c251eb71ac7769282f383672f19d3cf66f1b04,8.046464853980206
a40402ff4c87721e74766e6751bb458653b3e686,8.539949249326872
a4a81c655f21aac65297532528cba5a28e8f5ab1,8.483490597098218
a50e88cb6830931dd1271dfc49b3497d63bd436b,8.104627526001899
a52c67c0bc1c6ae7da7c6e4d38cc7ac5a869ed39,8.377675133181587
a576ed0ff4b19b2c864b2c489227a491ac670b84,8.940711386117835
a57d3a31b965e00aa208f4d499c0b3637f759838,9.118660660816806
a57e6a1dc883554789ef6049be9b51530a7aa207,8.659887074760668
a593667aa30cd094ca66d70dbb5ee98fc64d38f0,7.253336465717297
a5aef107fcfe6b7323ead96aed8ef74a69efe042,7.9449164516834365
a5b034cb2c29d312a2e5475da6174e196cfc3c1b,9.14726975006333
a5f22a73b7cb93619da1f3cbc56febec52b1c16e,7.092227141457321
a5fbdd306fbe3003283cf2cb7ae4c371c9693290,8.044893054276095
a60f543d315ec120d2f433cdccc19342c9c3be02,8.595844898805774
a62742a35ef9194f7da07e547fe13f99bb6257bd,8.302643401234162
a632e2659eb116c7514dd825ffaa8939365c71e2,7.803189538626988
a65549b33ec5839c95aa1e9c2e50f74685ad7cc5,6.976137378442618
a688299300a50fed79edb502fb02fc503a564308,8.470486348997254
a6bd1b3de6ceb8be610c33e3a0e4a89350700984,7.235491742861292
a6f3201e19df0a0fdf0a3d878d6a8d2e50eefc70,8.626142542558563
a727c00002127704e5ae41a4a08948dc43b4aefc,6.777465426731742
a7442b91887824d182c90cd82955b97a1404dc21,7.589327900612239
a74f9942a4bf89bc51a259bdd7f5427f1ccc82f8,8.15885563986551
a75958bf7ddea02d2c0d5a300c83abfe240f3552,8.739026431715658
a76e1891c401fc5f73f6942768488b1487533472,9.046607941494289
a7e953186fda9e7bf8368e2d00a19d024f7db5c8,8.20506343143509
a819175c8808635fda7c3854536f82d90a7b31cf,8.201477405491136
a832f98e370c27f9fbc8e0caec05700a96e89a4e,8.320960116370179
a90b8415afe8507a36e7be7511fd36f1045418b7,9.08305436585832
a94238b07de77bffd5189487ac3d56b96db7e09a,8.44243058610182
a9947ca4f64f3122a22c7827ae089d48db8fd76d,8.015080275002855
a99c3a5ba8f7e25ea61f79dd74cb89d6d8bf8a43,8.09078291158705
a99ed97ee0e4d81fc9a8a5a5baaba5407a897b84,7.561680013859252
a9ccae25b9a8738fd3ce42dfb0fc5e92ca9b8d7f,8.487260748968216
a9da415ddd0567c5995957b2239621158a4521f1,8.741907425626303
aa01429991aa756b651364d54b7b28c2bfeb6c3c,5.548048338427026
aa1696aba3e93761b292c97c68bb0e06bb2f537d,8.586992572880806
aa2166a08738eb1a62d78686cce70fc5572d0607,7.9760690611706
aa2288779d4ddfe46b3dcab170577d4f5096ab15,6.874239252504418
aa2ad4e1f1035826e6351e1e801eb57c0b494267,8.759849291034923
aa8508f6aa7e91da7efc770fc0e04c471463ffeb,8.075433474422221
aa8e2b08e043c6d844c28cb004a224615af29e90,8.287146719786444
aa953585f60c1f5711c6d5159abbcaafcc89eb77,7.817134557699942
aafa3b985fc5f4f1f6dbe50b8edc01713225dd2d,8.861549691906541
ab2a1e43f425b67817553405c41c09a9bcb0e9c4,8.650980335468859
ab4899d3252b533827ab7d15261b9edb38cf0a7a,8.580408305046177
ab4e0b5338de7292c155831c4bd68a740ae6d05f,5.2927566686444045
ab7c842d24cac25a1a3852cce506ca92cb8ed428,8.04113464929001
aba3f0810ff4abb82c285780965735f59dffc070,8.722735296387816
abae080e558fbbcf25131d47ef3dbea697548f14,9.15575711361148
abf736b0441172883ba772951733e73d557598ab,8.424144660248773
ac018ab3a6242492006b3ca1e0c508abd1761538,8.495417573530112
ac164aef8492a4d178d0704b602f0522512dd913,8.084115417138111
ac6104bfab84b79b7ff1f01c576e2b7442988f38,7.529615558747939
ac6522ed2e2b8a808bb80970ccffcb6572183349,8.594878221267363
ac7569c6eb788ec3ca408850d164b68f73bb148b,8.473386188679012
accf49bc7124b7fdffea9e75a869a597c4e8adce,6.821941440270517
ad03c4fb44da8b106e362ef8c65fe2bf34a385d1,8.323734853935711
ad3d8c094d5606a8005bb22a4cf910e497a03224,8.687300015781211
ad57f4feb3cdcdfbb77d4ccd074d9ca50227661d,8.331752336970816
ad77e6368d86e38cbf14a33770ca16b204522863,8.393071718301101
adc3882c435a390c34d34279b5528215928944df,8.508899811011355
adcfbf9c58d92335f9b971f6a9afd19d9feab214,8.890185696554845
add17ba1901ea9804a604aeed6ebe191d784785d,8.697855896677407
add21f371c1ade0e82ccdacf7ce016dc151a6968,8.659331648088875
add7a23a1b66010154da076a059216a13b90191a,8.684086744289658
addfbcc77f77c6c80cc3e55261cec181722e68cb,7.853266108367196
adf4cd4036fe7649e15bbc8379f224685017b379,6.925265441660029
ae75c8309bea2f4a1b1624ce50d0994d5b4dc451,8.526327913739594
ae7e6756887c7c2d0e3d26bb83045d298dcb5ddd,8.542126285156568
ae84ba8c1585fe80b8d2cc991a9cc4af2921a2a2,8.005702339117558
aeae992591ef4a9423528eb6029301cbd29daff5,7.474844307900055
aef76b2d6bbd67cf3aac958965862b263c50d4e6,8.235769573745186
af124b723c6d0d777c60479978e8da661b34bc2a,8.835949235125257
af12f06588c971f6425a28d61e4511bafff05bb7,8.667318599533182
af618fc07f8f8c9e1697d7e8ce5cea9dd4ddee00,8.840707412337329
af744dfd0234f2b89d667f962f13cff1b5d0c9e0,8.341443180313021
af8cb88c604c245257dfd33607bcb87cd357d3c9,7.755308607367091
af99c21153a5cd9289febb0cc7d1f8cbee810621,7.7933788154912085
afc376cc4bc5460a941a5d21f91d19f159cdf490,7.880143429892245
b002ea316ac314e47c6aceffd6583bd300962387,7.02639502676328
b03084cbf44b7fc100db518a5ff7ef7e9924c260,8.505821453717248
b041f9ef5ab6da232256530cf8e22c31ac99971d,8.698163916036826
b0718e2faa64ff947c0ba9e9516616b44c8f4a5d,8.37730156578373
b0f303b4bc78b12a467c465db3b050425eadbf64,8.10602552330392
b1179b71e93f6ccfe9702cc342e53c5c04d2cf60,8.439619274561828
b11bdeda44addd99b9b0cdc016fcd27262b51fdb,7.760377463716825
b11c7371190aaf26293afea3ba2146f21205f73f,8.597310002399643
b152244728671db447c59ab0796fac9a423e1356,8.475123100604812
b1e8855867b91eadecefd05a09f101799008b8c7,7.95766648228171
b25340984452108c2928e20f412866a7dbf4646c,9.039047874396783
b27862a2f9590331f29ffdc8f3648dec2a7a7d30,7.098619339120807
b2a46e3625d075ff330baf8e18019e1af424bc62,6.496409188245334
b2b334fbcfc12bdf6bba8dc45aa8ade3ddb746aa,7.604591868361171
b2c520e7e4ea03898e0b8204fea068149d5535c8,8.176324789753492
b392a38d92631885c3b63500548976ac63518da7,6.013573467299049
b3946c98c388b721854634038fbd1820a7ff046d,7.808514597913207
b3f68ef83acd623f98f4a03fc633905fb2a5b027,8.984055209711155
b459886eb6e03f683c364b338a5c2f4776391dbc,8.244446223221784
b45e8d507778dab56f381a681c453cbf4d3b4050,8.208543873465699
b4742d304d9cd4891aac3cedf5905676e9fcc9d5,9.20702592292066
b51687ca4edcbe2376bc3204617227bceb0a52c0,8.621859324051892
b51b95c923fbe5e4f47342faa554cacb44477016,7.883345892879944
b52028ddeb0e0289019154f32e763393f83a30a9,7.753740504983579
b56069b7f468c9cb3ff1ed8830af52d4e2fe60c0,9.428269286645278
b6535907c852434b9243df7a0e65f04d688d049f,8.318995359539741
b68533a39390311fdd9ca8baced33145784eb561,6.823193650288564
b6cb94c201726bd4e4dcadc007dba2c69933e0c1,8.131815897428051
b6de7562a3dfc6522d1d9f86967f5159e3f2f090,8.494413832953661
b6e252e4989b3b422d69eae06831ad0bfd396126,8.609694211080074
b7047722486e995e27292b5ab1945d72ab5a3708,8.509470494243097
b722e6209f2858faf0bf80947cadcbde586bb666,7.019636461040082
b7289b3b24fd67017ed82f62a889b4c9a0fb5ba4,7.357767822915473
b7297bd49e99532695b6290f29fac82928f9e03d,8.897085259147998
b7298b0fe50443a623af9b56792b330c2d052845,8.349894047377857
b729f209cdcbb802e5f6f16fd902793131660968,8.673647247252832
b72f0fecebc0120609eb4643631055b2e7a31fd7,7.719743718825281
b75c5320a2ce606e7c46d1f82723e1e461f37a68,7.9739288782613595
b7931b60e23916058a5767895b9214dac7a6515e,8.722735296387816
b7ea6b3de19afe8e98d52228dfcc3f3027f18891,8.788525379679824
b80a4c674f6640d304722f4a92eb9b47345f1258,5.515672948458112
b8b78832d415b2137aaa400ec638ca3828510a71,9.35420941545162
b8e898c506ad360ead5d4fafe6651fadfed6645a,8.479741935111234
b9cfcb9ade5f88679b72a7977c50eaca7170206b,8.517002096810955
b9db6bc5ded963759b9a1db58adbaad3314169d6,8.107699134084918
ba0b274a12a5891f98da7f012d4c757aeb822917,8.536410686331086
ba12c0a2cb367af0467e479c03507c71a805d291,8.028050343522091
ba37558e4c84bdb5486d1b3622b0ac7ed3d5222d,8.430781747813736
baa9b5294556d31b066df7e0dd8b1b0b1a8bb9f2,8.784630750813305
baae1f7bd8567b6f9e220cc863c92124fa71e1fe,8.622561673183945
baccf806cbacabe5f3a91ecd093cf36b4db436a6,8.229917819546051
badea8134ecf83e912ac6628ec12465e227c1e6a,8.667318599533182
badf8b0a0c342afb7e1eecc4fb19feb7ed28e180,8.699814662531223
baf05c058d7a427783ab9bde33f38d55ae8ac0cb,8.37730156578373
bb603e54f5809d802fec4c70df7b2c29a5125a89,8.005665000273451
bb6bcc05d3ef04c14c73ce93dad8c9ea60f5297b,7.001288441307814
bb81a7f88631b987cd15c8d539e806ad17a5b664,8.475499211161923
bba75421c48ff666a96646bd283072492fc712ea,8.228853339005582
bbaeaab91cec9991b4747c8ca3fba0981bf68ad5,7.982254744080773
bbb7c8095658b847103c47aa2a4b55440b0e9ffe,8.586184152513177
bbf7f2c725fe4c3e0eb56d29707437d1603b1c56,7.788665492549105
bc1f0dc5b937d54fa64e44c1e4e0de0e5a4724c1,8.390607465630794
bc54069a859b02cf1b00e7ab77d68132f9021c8e,8.547130636936576
bc8caaa2729aa0c9179e8d66388586a4a8586f20,8.718610021824178
bca16481f37f3534abb04344ef1855b0e56140e3,8.388228373470348
bd18fefd95851483c8aab15987fec421f92523fb,8.541907199243692
bd53f29596985f567c39329a8f8da5100810f0fd,7.176572584872682
bd81b591d06c4a726078a831c11516d6ee27541d,8.472729166140974
bd9bd34617afb5bf1f3ff27e575c4df427ac32dc,8.536549002912164
bda97a680a69285ab84aefb75abb53676e7f6b55,8.559270061576015
bdc3fba009b4d570355de5bfedfb6766746789ce,8.508611382356701
bdcfd5ee015db872058dc442ab9d3c72518366ff,8.241330309806163
bdefe60060197430834e27ee0ecc1d775f5e2b89,9.307923461788292
be40efffa2a2ea77d3d2fb0cf1f8dd6a8da2b287,8.511583640142572
be6f4f4f657c80883591c6749a7951f9c992e4b9,8.752416593099666
be7b5a55c3a0343bda6a2a6ad09c5cfe8714b27f,8.634132467218498
bec0491f541a76e4fa31e17842bc573c812cb528,8.023288837596354
bf22fb15bf51bc4bcf3d50f7494caad62a596d0e,8.736592677401692
bf9e4a55173e6e65b88bbf4f18744ea043b07ed6,9.127293269929119
bfb055d2c2ba396d5e6bd6022719b3ade1cd1407,8.098672415727595
bfe7f84ef78bc0134134fcb799465996fa84e4b0,8.51594192338126
c001ef5d0a98bae288e504e13db2f1d4533021f5,5.418936210740837
c047e3345530b4b4634715536ac54cec9c756b66,7.670883574996318
c072621681c71501470509aeb1c51e3f9f98df5e,7.457169260488019
c084f1399d2813131b70acb3920068a454cea6d5,7.284005308851784
c096fc1d9c0ad8efae9cfd509f75522c50603692,8.433191642501097
c0986547994c0c40ee739f045a02e1ce427ec132,7.0531156680631995
c0b8f55536e05f6da91c3b65ddfb69dc8daa12e9,7.769492619459625
c0c13857d74703fa66da743d1d670bc2b9957f7b,9.138945989637552
c0d3079f5b83f8962c439707b96c7ee43be2ca18,8.306406274097117
c1287b2f156f6963bdda82942a95288967e9422b,4.68582759586166
c13d9b5245d8fc600da9390192908048857599ea,8.508491458135579
c15e04639eb35379bc74fd289f38b1c9d21e2278,8.612041641808721
c162ce77f4002856b569f63b1e2b58ccd6d961e2,8.602414707519971
c195c2ea359350b81a96211ccb40d03fb0501e7d,8.680072320098386
c20545cf079fcd100052faf6db21ee865023525f,9.429345407834948
c21b13edbab3d247c8816a374ebb57ef71700952,8.485499734283577
c2660985c0dbf52fe68f7d3620fffa6ff8f2794f,8.337896597511293
c28a837bbc21a0b6ea686c34b12a7e6badbc9140,8.449311758446031
c2ac862e74879f4b60191f0bb1397eff1e157c8b,8.697760788630864
c2ca84eba451533cc357b9c82cdc4c59227ee38d,7.468964583237734
c2da78b847fbfac6920b3c5a2086c79b3a2db8f7,8.716589833341741
c2dc9b42636e453c1ad8e7a5e490654d39dc303b,8.690220886020056
c308727c618e21c478dba676bcea9d040d179f99,8.206569951653718
c3127c3c92a3d510a78a5248b4e7fac50ab81e0b,8.516820085244534
c32840e4bedac9715b49ce3f04b3dedb98007cfe,5.383930332018666
c352dbabae85680f4ce4ebf67886666ce47edade,6.917899114675962
c3635fc4a7b4545fc6df8dcad81f86d1e08c66cc,8.234789931682668
c399382ea2553528d9b44a9aa6492cee7cf0b5c0,8.695453510386985
c3bf932c28538beb5024e80bd06e09c44661c8f7,7.177619093543249
c3e73d0362e2b21fae6edfcf518063e8a28b7b63,8.30363058741249
c3fdd44aeb469416e4895afe4040e54eebc23db5,8.166095027862347
c41c79391cd0c8816cebc9a0b4ef1fcc5c2e4018,8.583882264554942
c4504ac02ad7e7e0c9ea3a1d78601374e483fc30,8.671320767863172
c45bf22121eaa2f37dfec2f58729d22394ea220a,8.19519731329107
c484db51bb8e5e6218578a71ca541b135c2aa1ff,9.128678406514412
c4dc23da121e0654017198804449e35b2e9c2027,6.963747527782786
c4f595ca17b4c13287b0beec0dbd45d0e356055b,5.383930332018666
c52befc118a44669cbf7912b419dfc433c1c0eee,8.54222560480061
c52fc84d8cd2335788c472ff6fa6b3aaaa8f2252,8.230871932554896
c5b963fdd21435b56c4cf55f49d652d92fc83093,8.624149959361402
c5d903eea354607809419b5e23c869ea16626a59,8.173592226842676
c60be70309789b39355dc612f36e37090ccad5dc,8.630808892204676
c667e08eaa5cf47dba38ac81da9c185659db42c2,7.012903506579595
c670d2529bab25c82fc7c3757cb11e7f2e404de8,7.6863152432218795
c67df30ae6cf151f19df3e36d15f0361619ed47a,8.044270738385963
c69dcaf9e10f52b187b13e678f9fe65505167720,8.455915526250351
c6b1b85455fc8ae7de258ff95875644d77f55254,7.925285253913794
c6e9fd605b75a5090b1879635a6db8da08b8a600,8.841986602312371
c746678029d2139e7658a0f94e98bbf09f258673,8.624286910537505
c757c72ff79910b22c548daf9067d6a682bdbb4b,9.049155346854425
c787e77b224890e7fdcc8e2ca0c0577657d98581,8.72180932320594
c8332f72a4f6049ef2f28e4a0fcbde9d142c8591,8.069090662880729
c846650d2b1b4a07f67e13c5aa56c15185f81f15,8.187837830016548
c87d4a1dca2349d1fbdff1c6d6a57708c1df793e,8.008277422686103
c8944ded19113906cf130904726028c5c1a11138,8.619617875896273
c8a8565f00553a00a5d510958dc8c40a4a477783,8.485499734283577
c8bd30152ccbeebb18f9b1fedac0869f845980df,10.0
c8d7193cba58a3bf26ba18f4ba5728c56ddcd4a3,8.548661209401631
c8ea10d959a7c782b45e6e83040472d432fa448f,7.050178207953168
c9c6d1fdb1bc64d7137f0fb7050e334cbb7c0f6e,8.497626549480854
c9c9df2ea1ddcc10cc57d4e1d92b2f8b33d94538,8.60352238740788
c9d7b86399869ced995a6e467a257c3915339562,8.73271053764105
ca01f93cb3384006f7af5de96bc25f924ad8bd14,6.341354000076786
ca3bb5c80bd96ba545e0a42232c6fcdb55f7106a,7.213294740578893
ca6829e71c271976a4eeae12cbba5e49f232da3e,8.566956069954063
ca84b66fa8d2c26e91bcd21dea081bb062e51711,5.464969976754192
cac291a9658d7ef15e1ef0c71b188d96eec19ad0,7.539747665982154
cb0f9c7be617b2bd18ae83ee9e85b621cabda67c,8.063465110416278
cb16d181d96fc8c94f8416437c059b5f0aabded1,8.019969788247424
cb713a14e9dcf23999265a8826e204beb646626b,1.859159106426432
cb72cf616f3cafed458ef94be529c172bbcc5277,8.527033208863896
cb7cbbf59876001661704aca5fa8d70467f514a6,8.58042413461495
cbb7db3eb5270179fe8ebb9e73dde2c894c9a971,8.131305401410485
cc1f8f78f5ef5237c717194b38699b168c265513,7.295152900515572
cc431fffd568a0d46d302233b4d71bd216fa94f3,8.414660804260526
cc818564efabc759f8cfd2e978029ff6125406cf,7.856236656708104
cc8edf9c827fef5ead4c85eabf96ca7033ddf165,7.928821306396258
ccc7600e812ec5b6e75a9b4e2b04f00a48d1a9dd,8.817309361115528
cd1c8085cc77aaebd3c527b4ecae7e9150ce0d77,8.486324062589976
cd2b912e4a3d661cd4f500287d3bf1b4f444b7bd,8.37730156578373
cd2cc30c2a3c6b967fc897beaeae9d3482163a21,8.817064804652512
cd32daa7c1ff3ed117a127c9c185c1b53a396138,8.942390789451906
cd6862158d54e5c270e8d4bed99f73f32a721e14,8.747919453673479
cdea6ad7a63edbcba925717a8c64328c255a0450,8.636503503700556
cdfb7ea46096b2a49dd710ef5dfe7bb354cda15a,8.44529778347849
ce201bf315598feafcad345a663284bc266862c0,8.469067514274759
ce2f2072bf32af4582a24726936af34f88225213,9.107343570984835
ce3ad9b28ad26a494e6a196c110ca405402f3e9b,8.340441417864948
ce56b4a23981e6c9f70e87f087bc1be07fdf25cd,8.720481834542735
ce5a9a38579b80879f4de53eaab2d0083b685d62,7.9077965929958145
ce892387ba13c6b526d18de003b62c1bfe4c125f,7.217289146053559
cee203ff00aaca3eaaef780ea6c4a68a3f8fd2fa,8.276055975261647
cee41e969faac5fdd054a726b10fb09228eb7061,7.956319247983175
cf4bc843e5bd6ba302b1289af66f383b0329d6bf,7.577262860078261
cf5422ab2f6793f4d5930d2901e652ed7dadac9d,8.27588491959618
cf6788dceae33f7826997b7fa99b5189cff1aa4d,8.518219020303949
cf84076c807f395016eaee41297162276781b963,8.963688804825235
cf8a26a2ce3ac2cfd81a1050e73bdc7a4cd225e0,5.297012258815809
cfe62afe7795494a49cfaa46bdf17c38a3c0d284,8.788525379679824
cfe97f961ec4d2fc578ef0aaf87f52c54a9aa181,8.419126819769616
cff1765d7a97d3f012a354586ccfd49fdaf6aa44,8.319858023393977
d023d3790457d12ac59581326aff1a396b206d09,8.418547837857389
d0561a58b05777ad43db1e0627d8770d37c48d5e,7.063284426987285
d06025e3b7e91bb8718335f7328466206060faee,8.545119173109413
d08b1608a634fda68fd097f278ce9fd4ac24046a,8.119595807115841
d0d3472fa981f90d8e6d036dea4bb627c73b6592,8.60611363518234
d0f28e44db91cce7caff1db428643300dfb3392f,9.28485658685972
d11774bd10cd517b1cde216ca391e76efaf59b44,6.309512580960022
d11e42daac68288eea95d8923771a326e667b520,8.501931757065963
d13ea487552242f9c688d613dab06ea5b8a867a1,8.903483228405273
d1e238d8cc58ceae3359c94b2a4a976a975fc9ac,8.08663419342853
d20b8e96e5c520827768fe614961d0534c6f2680,8.742120640018577
d2491eb9351f861cdcd439fd5d73883a6d681d6a,8.428000003761776
d28c344507f89c41df926794e0d5a96d10349014,9.572329023655934
d2a2d2ee79d993c9821f176d9a248223ee59b3c7,7.18886532549385
d2ef78c03149ddfd267005d0dcd248adcc227e02,7.492247090896803
d37f552ad5c3e1e1c3fc9aebbea6cf50e1b9f334,7.1668113151810715
d3de05492e2353a5f3a80b5ea37a6de4651923fe,8.605158260320398
d4707fc4aa22e29062e02639a1b8c9f7ba3e6b65,7.110867170591134
d4a08e7df54afbd81401faf2e0349e88ed7fc2d9,8.37784028967486
d4a5c57c98a9d8e16b1dd93042d22cc422772b0d,3.761485984704495
d4ca57e34b4e28a3a0c73339e0c72db036894d3a,8.296503753412106
d5155526fe2b5c2b956687b34d478647ef6bd092,8.531530565564927
d5179819718a325ee33fa2096f37995ea6cfea8c,8.351862817000088
d525d6edf4b0c6362ddaa4814c3930a6a62bdc99,8.477659721815295
d57eca033aa6388430166086ed3d0390ffefa85d,8.485499734283577
d5841f944022e9ef49bf6ac9b5546dd82ab2784f,9.305006009307444
d5cc23d9ca216f0f8c6e5ada7c4e3284a3920958,8.623434630565374
d5e3e0d1ec5eae8e2fc08b9c3607cc766be6dffe,8.362430408780147
d615e34b407b1816d1ae062d56a466c1d17b68ae,8.739127694580036
d6515d627895751c832a3075053719da2f5e6cef,8.21521347535034
d66918b05a4d978f6aa15979c85902d09babc898,6.512977354641559
d66c55f4502b462e88d4529dd6b4d167fd42d165,8.298344576901554
d68718e7e9140ca136bf5e39efd7c122632ebba2,8.366095603090379
d69d2c6bc916b8d054bd50f4270a1c6d8cca1426,8.238774780900792
d6f54f87ad964bd1cea20ffceea962f8b6236da3,8.513660364253202
d73a15bdcce722312152f547cec67e8dd584a6a8,8.392701994448243
d7a319cabc8e30b748e2beca44fc575fc83197d3,7.829150479011471
d7af1840c8914a381ffae4617c33ab76833d9513,7.932524278960655
d84468682013517fdcb3506ee81783dcbdf3bad4,8.487800256236076
d8550edf3efaf335a9648aec7584ab6acb55cf30,8.845310359245088
d8ad4586476ab6240c0ec83f3c12cd4cc7a8f622,8.722903157766222
d8cb6954aff8cc17b05a205c949f36b46493eb8b,8.847789973394534
d8cc02c7b6d2478b9f6d47664272c43801d6d9a9,8.364371123003664
d92840812393583b0f053de80ecee59f5b19bc03,8.370131393507311
d94808bbe3e5b3ffc39c8d68e0eed70929c70762,7.124590931276213
d982afe8253215b9a75464a85bb061d5d5f7975a,8.299983068544439
da37e77368c2bd5a7a9792749fd6ed83e05e2515,8.655162010755314
da7fa747f59ca321b48b414b2f884d027bc961f8,8.394000927342562
dace1e5b88ac51d7bd53523ad70f8d5d188b9368,8.197198533525679
dade8cdd2806e1efa138e68d984abd0ab1c87ced,8.66626460750562
dafd07b7aab7dad9894cee44cad55efc89255614,8.516992687615252
db4c010c135d84c00fee816a085360bca2537594,8.009108778001051
db5924e7ed00c9136308999827d50dbcecae5091,7.05044557891551
db7c4fbff4eaf7b21678b8b053a0c3dcd74dd2b1,9.08754697713236
dbb0e3f3c32292438fbd39684d9f1ad153bba64a,8.634132467218498
dbc27d6c8a04413d73a885a7b2c2d8db605504fe,7.78865326076511
dc5325f05ad384cacb2431acfa1f398913151afb,8.647921229488386
dc87f8c4ae8953d2d0bcaf1a08239547d77cdee8,8.356452761216032
dcf7777f614c11ed45f8ff82f2c44d7dd15889af,9.09136532304575
dd98462b95687767f50edcdc4758ff5237c0bcff,8.645439848785703
ddc549a4ced606b9181bc2e6e0bb75824fc20f70,8.359905494482962
ddffb03cf0301334f5a2f89626640fa8812bde5c,8.358933972042866
de163edff457321dc540b375c7b316c7f9fe73cf,8.645659025818425
dea33f83f3cd94f54f1063a0cd22eab07ec8d3cd,8.197308757439119
defaf0c38d68f9958bd180e1a709f130a999b2e6,8.301485117641189
df15664e980175f8ee9ea6687b81c59f3139406f,7.58039737004646
df17da01944f34b2a6b59e8d45407c1297f9834a,8.573303107182223
df1a661311bcb75b3b3c258c46ab75819bd6d249,7.39051514348048
df42fc345b50f42b32dc5f9df420978b1cda663d,8.696494721627657
df8fb59599b421d91967aa7d053fa72e91e4f6fb,8.65223674858867
df90d9da415c30c25a16e21ca85638577961e81b,8.42112486183938
df9e2c6cfb6035fa5b26af3b101bacf64e95e913,8.81053430084166
dfc34f90e58f60b101c824e10d74b8ad0c46a2cf,8.441948793512003
dfdeea1cf0b4fb6c906a25d99aa5756efe14c996,9.074236476713041
e036815d3a8d88224e7e8a95c64ca031dd5b205f,6.6281522043375265
e04a53abed6db648ac01e162aad84ef8b608365b,8.256984943983745
e07c3edba3602b0d172c2db763539dfa9819027c,7.989908982515806
e0850b1bd8f8de58096da128ec94efbdf5f05ca8,8.515146183522043
e105dc9d8869af3a83704a5d048424441ce4ad01,5.906611522345604
e13e39c815ec66160db3c75b7331dc1a0dd1d4ce,8.385998900578215
e15002a49ed03188f18c7a791c458c19d1ec973a,8.151154930785605
e1d3226bcfad8043e69d31f3d76e719c7f041d3e,8.63773016574084
e20abeea371227f8a6318491ca3c0211afbdc1a1,7.088564316604856
e25991f3bf474e9b542b09aef2407a78f3ffc61d,4.122997416826777
e2670654203c6b5aa850edf95ea9e293939963fd,8.70717089100839
e299749491b5a979701f0dedd4467ed53aaf7c7c,8.29867759423739
e2d88e3ad6275b7eca2bff120e467f9158b29fc5,8.320154435414837
e2ed5ffddf1e60198f9f138810f84b7107ca0561,8.117419461974372
e3919de46ecd1f707451dad4a1ac88e5b7403f11,7.790137493778263
e3b9460f9a4bd3f4a5243f388246084f41e0dab2,8.37204967055159
e3c9abe5680cb3851ac38d00a01c46f58b6aaaeb,6.987722978935887
e40337a34c269120bffcc76e69700d06f6d716ce,7.257356774399481
e45204eccdaf94faa580c54b1fe1289c97b1f56c,6.9308179814262045
e460fd665c3f541f48ac4503abf2e90b9bbb3b94,8.55584068820731
e4935a868e50ec1951f892af50e2f5886c935919,7.059840481263887
e58eaf39ea458008043bd1472f267706524f1fc2,8.677313342612951
e594aa5283c8b2076ece870504b4b6b2e9c29ca9,6.694281280013315
e621f4d6991a537e4508648aa4c3fc278091ec1d,8.796524368852229
e63a9cdc387a31ea563ecc24b20eb824a8c54ebb,8.625790460286746
e659bb37740950badc7fac606f227ba5f74fa866,9.184321985584534
e65a627881df5d3e0bfad77c56221d858da5ead0,8.629710572142338
e67fff49031a4f2699f10d6a2dd89b4cafc70323,7.623754214420292
e6900f649459ddbd9ee38b93582378162c8d77ac,8.869156816409985
e73e06dbdc983d0a3ccccdf754b85603dd0818e7,7.112967322636699
e7b94e593e93b6fe31083393cff1d63ca2142b64,8.296313229705264
e7cef9ca74dbf2dc906e3216004a1b5e6a96e241,8.401671375512523
e7d0678e66dad824da63837b53bb0bb38a571f42,8.595476958797038
e816ed48800359bfd078c1444a40e00be6fbb5bf,8.02397911417757
e8335df6f0ac481c6ac16096889c51cb95ab2f6c,8.868327055791697
e85a79ca1bb1f59951efb5c25e40e0ee73985cdb,6.87065135990162
e85a95e2eddbdafe7db54351ce3680933e09d0a3,8.547629885569865
e873b044ecba72370076d7fe198eeaad94bef3a1,5.541255474597038
e89a4f1825ece62064e95e63475769011258af36,8.742553114398948
e90cd427d5e229999107e56e3f06953f3108635a,8.086133896991683
e92f3d3e5a00b7767c239cac14b6d9fe92d5ef9b,8.58301852997935
e95d7442ab6fb642a8c3529ef2fc8aa25a774e13,8.586364698255906
e99d4fb3ef87d5e201da3b08841541fd953af089,7.3761045919445944
e9a8e1a87eb55c0dc1787fcaed22be98d9cc1ed0,8.548661209401631
ea0a8f0b0b712337c3740e6ad5293f3dc47db568,8.020260646618908
ea2f8736bbf1d859fb5b46f848db37f421181bd4,7.660332729439186
ea385e57f5d3d6841a6997dd7af680e135928bca,8.862946981329625
ea55b410ce0e38664c6597e4bfa09fce84399461,7.551092561263617
ea7332c6a62cada8a8e85200ddb71fed941ce876,7.3524117364248385
ea79d40b446a3660b4d0b01e53fc4a14bc18f60e,8.063778314823221
ea8f19a7914d05412dc4159108d93d42a675e2e8,7.470420044601656
eaad1484ffa24b01432fa3564a8635bda0b4c34c,8.667831743466166
eadbb37222d32232022838b7765dea96bf38e0f6,6.371741138310218
eaf60b6a377c720fa7a13f97831f38531047a217,8.454417739828392
eaffaa19471bbf9bba8fa5808dd0904474089ae7,8.569270059301545
eb001120a0f842e5bbfd786652695628bd65090c,8.233375961211934
eb2a090421ba380ba6c0a8119510e031bc4e55ea,8.405373606946673
eb451c65ea210bed6af798282c2c6205c79f71fd,8.350395262488956
eb46bad8df84ccc42fb7bc9cc3a218247777367e,8.210174481156821
eb7470e41cb0d50314e9755be518f55b093a4975,8.627487758058045
eb83b2280e41f55da33ed81e62d7b8ebba9a93f8,8.30537054988929
eb870373b64f0be961f503936f7a725fca60fb32,8.339476006283606
ebdfeac0c48444c5f4fd377145b2d97e12c78cac,7.993549721320547
ebe0702c8a0d906044fbc61cf18d3f8dc9aacef9,8.625502006281637
ec62a3c21a4a116991338ac88863dff35157a1a7,6.4529333593996165
ec7d2ce8cce8253208e8d0ae74991b46ce2eadf0,8.547130636936576
ecd66b9bbdcc6ae1eb9a6b765868cba3601730b6,8.574626485264064
ece9b75bda9d53b5a67f7bb53b5635a3df017020,6.814917736803785
ed3e0c98995edeee0b0a55fe15929a82097e93fe,8.992271953894335
ed6c052a16794cf2376b1497c505b438e9af69b6,7.141029839164209
ed8ffb58d172827f17d1abead83d9b8c44b554df,8.40936857040292
ed9eaeb6a707f50154024b24d7efcb874a9795dd,8.191490454686145
eda32ee9ebe79ae7f85927db19cadc6199752dfd,9.04637602389659
edc5737211dd036ad81985e117aea3ab9cbc030a,6.596507209177146
edc641c842df448a70ce315e00b6dd4461a260a9,9.165894493538609
edcb11b4746d7b8056929a37a11e81b0fe3202c9,8.052423424444825
edd78ffaa7bc16d94ee6908b98b3d9863f492c89,8.509992896928287
ededd47b1e0c18d4af4ad2b0cc21eebcb7c6e6b9,8.371668848761896
ee30201b0b1261fcb6cf010787990ec87343d300,9.692880136016655
eee2c3c453eb64f9c327f09e83be35ef36528101,8.509630735249926
ef02ce9a2a904477907fe9135cdcbf1652180d31,8.949100123745293
ef070fa973803bec505aeb6230acdd7a917e2a59,8.702085783126387
ef5d4cc5cd7a9d46f3e31572d97bd52423bae4e0,6.826485118033361
efcf2fbf26e74d0af378d96a168c8cdc05c42a84,8.323734853935711
f01795183fd859bc35b074c06fd58b5e6623fb03,7.422437049367153
f01bb96987327c1dfec6ddbc980cfd85650f20d6,8.741152244589427
f037357014544261767c6ab5b172b246b09d3ddb,7.814222867749308
f05838da14ca1dad97a5cc0c58323c6df9153257,7.846154851451687
f0be3049c99eb84be5aae5352c2f0ccf661e1f43,8.304225822935447
f0cbea39c26f2cf588e04885ddc1a439564bd782,8.557130687714768
f0d74f349e6479eaecf425634f8b0dd51e60d60c,8.581626874578852
f126cb73dbad037e40b322f82b6f40e92a15a595,7.813183016642777
f1299639d65fd743440958354f22154e171500d0,6.705712186775162
f1302a0b13ef669e0d797c1d4106355cc43f7144,8.660414733028492
f156718d3970030deec27298f56fc78a00c00f5a,7.948682993020231
f18c98fe93f825e2c01296bad47dc072ff70eef1,8.49238252683103
f1fb0a22c3c46fe87eaf8bdd97d80ed51436f782,8.538551393561988
f2418c1ba0f63cb975e6d8c26ce4a145b11ad924,5.383930332018666
f2c6f4d1250f2570b4dc5edfa7d0952ec4b7194f,8.460031965478324
f2d54f193cc71d429fd5803b2e4721d012afe568,8.974281874443259
f2efe01b5b7d2613529468857009a02a3cc820b6,7.868527302099408
f35248e9e95942a05313dda4f3a677705d8c651b,8.680506812314096
f38238ea1bfa182b81a7d73d563b61dbf2825754,7.996089052648444
f382c8f54d9fc494b6d8cc0751f694f0acbddca2,8.481988801956048
f3a603f5ad05ee8b8374af6523467f1ee058959e,8.943164376622624
f3a7769633f8060ffee4a0295c55ec9be084e3c0,8.395625103757409
f3d6d22e76fc586bffc4f5ac1d73f096f03efa0f,8.49198463666556
f408354e704d901dac2f283fc8242d2787ee4813,7.815522638474461
f42621bb38f167d2de3d662cbe897f5fd1234aa3,8.30124779007076
f4367a0ab2083a66a5fa812df89e590d3fd3b5a8,6.751980376550483
f440f5463ae218aef17a60e9f2ffc7dbbc45dc54,8.314520746406581
f459440c7a99294ca9763f332cd9aa09b0c280d6,5.818811593208316
f492b1eb37bae60ab4597c161e7b67d9cc9e4dc6,8.195937927028062
f4984561cc406867aa796356b6bf10a2091e67fe,8.287977607714298
f4a045088bd0003226023c10214248049d9da90f,7.248752298378607
f4c3f24024c2e96ed13a845b5ad7213143844d9f,7.884434267391162
f4d9301713b16c13c174f19e18d0200175494a79,8.852149023531773
f5674c61e82766371ddd913c99e6b70414f4dd55,8.73784725004978
f59fe9b15a7762aa5ffb0653396da3f4f2536553,8.325885574309057
f5a2b63a98287f49a07f6101717dd4c1048b9903,8.647989155469848
f5ede5df58c2ea59be6b8c8097659bb8c2e9d0e9,8.835845268252983
f639cf4aa4008b2bf51b274cc01dede03666150e,6.941890499100002
f679eb92d1581b842e213a6d2a8a74a0b9ede984,4.9103292031401775
f6c974c003c063735fb1afcba0aec50acdb89861,8.421872920439345
f6f5b15522aa9457158ec6d7a16caaacd6cbee42,8.670387655023982
f77371745c51f549f9a641110e52f255aaed0f10,8.494088006922023
f78599d53dcb621a631b8dbc0feb5dd63e2aedd3,8.153980271136911
f7875ec1207504a229cd9b5ca132437c6bdd6a4d,8.088999276035713
f7b65fa8dfbc07f71d9e206d1e1fd35b986cab65,8.557130687714768
f7ce1b89f61b8a40a961d7fee02ea31d4b27583a,9.486263284641625
f7d331120e9b3a15cf4a0028849bf050846d5d6a,8.430175867782967
f7e7c21b753521a3f4eb226d9c69d71214e183bd,8.538284575722866
f8526194e3d9450a847706ea1c474c9e1a65a3a4,8.792214969151354
f861873a2af44519d0c30b7b390257e28084c360,7.307140034160805
f86b9fba1d59be7c864d4f23d0c7674113a27cab,6.785234448576283
f8da0aad0792d4f2d30881abdbfd4029dc264842,7.2410980245270355
f90fb4df43d85aad3ae9602aea19fdb4f47de984,8.756312760611523
f91758fe4f441cd4b7b053a03252b4c50f3d4737,8.34404988184509
f91b376092344f19705df8873d25aa4a34bafce6,8.29779622859449
f92e3ec921384713419dca56d1fe2be1d51f1b54,8.477400491134139
f944b947ec651ccf64807b644af38c6f04229bb7,8.578093501967858
f947938c0e7c1345a488d9f17a74331ca6f478dc,8.276846279859182
f9491b0ab4aee90c428545e0e315a3af1f827595,8.536028883564775
f97b1dbd007f20fea2e262e62433e01ae91da602,4.566936891177708
f9e06c04dc036b01f65e7f71a9201922f201dade,8.438064544577129
f9f4d4ef2a3de006bd037db9eb160ab8e51c79f2,8.834039349274764
faab34a8374299678ccf4eaa3628cdba3b65bfa6,5.886222404827253
fab22b3c9fd685c26953a5ffe073c4aa2a788c7a,7.01477494153826
fb0a2834f5f131005e12dc1962056623ee6a7188,8.693483424478305
fbf5d7997f35a05b4f296b7b70b08866c13db856,8.563983817148134
fc4d0cb084cf3b98bbe820a9fc36fd437940969e,7.1148416206176615
fc83d8b4ec86934a2daa128311afedeb0ca5fd50,9.231917222997883
fcd6e54df612c033e7a465155046b5223ca4eee3,7.735998219819994
fcdf51cf37b314ebc57038046b859b3172117f4f,8.385998900578215
fd29d68d81bf469540c56ab7074ad748cd72203c,6.867596136483942
fe31861a03511f91760de27adfb8803e8ad321b8,7.081078628627325
fe4316169ee8c83567ebc52bc629912ff65f14b6,8.5884072096288
fe516d090eef192c93197ed87878da0e23908140,8.612883149120236
fe659e147194c97b69278c8effb4041297398009,9.433697257729245
feb8a2859a011c59efd22ed419cb69288fe03627,8.595047731759538
fef4a3263ed9a8ab14d457694bb8fd86ccd98312,8.68533388105259
ff12d6e2ab80696ed8e22fbe5497e96c68d29076,8.366430770304554
ff3fa2ec64294f37ae968159f810ebeda7966c51,6.759009639102834
ffe872165621d735a48bb5db0c71dd5195cba359,9.396221096974548
